3,65,73,25,33,29,77,68,66,38,67,66,63,64,59,80,77,71,66,79,75,72,58,74,70,72,62,57,65,73,70
2,70,66,38,39,42,46,61,64,41,66,65,57,65,55,69,65,67,56,66,78,50,40,60,57,66,64,62,58,59,66
3,62,65,27,30,29,40,60,63,28,60,61,60,60,47,77,78,58,41,90,82,75,65,52,67,59,70,69,74,60,65
3,85,80,78,88,85,88,87,88,86,76,85,73,84,81,81,78,94,78,84,81,76,59,84,76,86,73,68,63,75,86
4,87,86,34,37,34,52,78,78,34,78,74,76,79,70,83,83,82,62,72,83,54,48,78,71,82,78,78,72,70,81
3,79,79,51,55,58,60,78,73,61,77,75,80,78,69,76,72,67,61,75,76,67,56,76,64,74,79,78,70,69,77
4,76,80,15,12,13,30,68,68,15,75,68,68,72,62,89,85,77,53,91,91,33,47,68,66,68,72,65,56,67,73
3,75,71,38,51,49,41,67,75,27,70,53,58,70,63,82,83,59,55,78,79,56,51,70,65,68,67,71,67,58,72
4,70,79,46,59,66,56,68,68,53,73,72,67,68,53,85,69,78,64,64,88,59,57,77,67,71,76,57,61,61,72
3,71,70,34,39,41,48,68,69,43,72,60,70,74,64,68,65,82,56,75,73,56,59,74,63,74,62,57,48,72,71
3,73,71,42,46,42,71,70,58,39,62,72,72,67,62,80,77,72,60,73,78,47,41,69,62,70,71,66,57,70,70
3,64,66,24,21,25,41,70,47,34,69,47,55,66,61,77,69,70,57,80,71,69,61,76,68,71,55,49,71,59,65
2,59,58,33,33,44,50,65,60,42,51,60,50,62,60,73,74,75,71,74,73,87,65,60,58,55,49,57,54,64,63
2,66,64,29,38,42,47,70,50,62,67,57,66,68,67,36,49,55,69,74,69,42,46,52,53,64,53,53,49,45,62
4,65,72,39,34,28,43,55,52,25,67,60,49,53,56,80,64,57,39,89,83,86,39,55,44,37,62,44,40,48,61
3,83,80,57,57,60,84,83,84,65,81,81,65,83,73,77,76,88,70,58,74,65,70,75,79,74,67,46,52,71,82
3,76,75,15,20,13,63,73,73,32,68,61,72,74,69,76,79,72,68,75,78,68,67,72,77,73,69,68,77,69,75
3,75,72,22,39,35,78,75,80,42,69,80,62,70,64,69,73,68,77,64,79,81,74,73,77,68,66,56,73,74,76
3,76,73,26,29,22,55,74,80,30,69,70,62,69,69,69,68,71,81,69,72,72,70,74,80,71,69,75,78,66,76
2,67,63,25,20,18,64,68,74,22,53,66,35,62,21,71,75,72,81,55,51,64,73,82,75,66,43,22,63,55,73
3,80,76,23,39,33,66,85,86,38,76,85,70,79,72,88,86,75,64,77,82,84,67,84,86,76,76,70,85,78,83
3,76,75,48,51,52,92,83,83,49,72,78,63,66,48,94,92,90,69,79,77,70,64,85,83,68,59,48,76,75,81
3,75,75,17,12,18,75,71,75,18,73,69,69,74,68,79,86,80,73,74,82,70,70,76,78,74,73,70,72,73,76
3,74,76,22,28,37,83,72,75,44,61,66,66,68,46,89,87,83,75,55,75,82,72,69,67,58,69,43,59,68,74
5,76,78,24,46,25,66,70,70,45,70,67,70,71,68,82,82,75,64,66,82,80,64,67,57,61,75,68,70,55,74
3,69,67,21,25,31,68,69,80,56,60,69,62,63,59,66,67,70,76,69,64,70,73,66,72,63,59,43,67,63,71
3,67,65,22,27,28,49,64,64,32,58,60,47,49,48,83,82,83,73,62,80,51,34,70,68,53,45,25,61,53,65
4,87,86,23,28,23,73,81,83,26,85,88,72,78,70,90,86,75,48,93,93,53,37,78,81,80,86,86,75,70,83
3,78,73,25,19,31,83,84,85,26,62,79,62,70,55,75,79,68,86,61,68,84,86,81,86,72,66,56,77,87,83
3,88,84,23,25,36,61,83,86,34,83,83,70,75,71,72,70,73,61,67,82,69,81,80,86,84,85,77,83,85,83
4,83,87,29,31,42,66,84,82,53,83,79,73,84,77,77,72,76,63,83,84,71,63,77,81,78,80,73,72,75,82
4,86,87,24,34,30,56,78,78,40,79,74,80,80,72,94,86,78,48,94,92,70,36,74,72,78,77,69,69,72,82
3,82,80,30,21,29,62,81,82,39,73,73,74,75,66,87,88,74,80,69,81,78,71,84,81,68,68,54,72,78,81
3,80,76,22,18,21,65,79,84,44,78,76,75,78,64,78,79,81,61,77,90,80,79,79,82,77,76,75,77,79,80
3,83,81,32,34,38,63,81,83,39,82,78,81,83,76,74,71,79,69,76,76,66,54,79,79,78,75,69,86,79,80
4,80,77,25,24,55,57,76,81,59,71,79,66,75,68,75,80,82,73,79,82,79,76,77,79,75,76,73,84,74,79
2,77,75,18,22,28,84,78,81,38,58,67,52,63,54,83,84,84,85,77,74,76,76,77,79,65,68,40,68,69,78
3,80,81,20,26,20,73,79,81,21,59,75,70,68,50,78,69,76,67,75,78,69,69,79,79,76,68,71,79,76,78
3,77,74,23,16,19,72,69,85,19,64,66,48,68,48,73,70,71,79,70,69,91,81,74,80,62,49,40,70,78,78
3,75,65,33,25,29,80,74,77,29,67,78,55,73,60,69,69,79,92,74,65,86,82,86,80,78,68,36,80,74,78
3,80,72,31,27,40,65,78,82,46,70,75,60,68,58,77,76,68,73,72,71,80,75,75,83,67,64,56,74,68,78
2,81,75,15,15,21,44,76,82,26,71,78,66,71,71,76,68,69,78,75,72,69,60,87,80,89,76,78,77,85,78
4,83,86,29,31,33,42,73,70,30,80,81,77,79,80,61,64,75,76,72,74,55,63,81,75,84,75,72,66,82,77
3,79,72,17,19,16,41,75,77,30,70,65,40,64,35,75,78,71,91,51,69,80,75,77,79,62,52,46,86,70,77
3,77,70,25,14,19,74,75,79,43,56,76,54,67,45,59,69,86,82,55,64,72,79,75,76,66,49,41,67,69,76
3,78,76,22,24,28,45,76,80,23,74,78,62,72,54,78,78,76,76,74,78,76,73,70,76,60,70,60,73,70,76
3,72,68,20,23,21,70,73,76,35,73,62,61,68,54,78,77,65,85,63,77,79,80,78,75,75,63,66,72,74,76
3,71,70,45,35,53,63,76,80,34,69,76,66,74,62,55,58,65,86,34,59,62,81,72,80,68,66,54,81,73,76
2,75,69,18,20,24,58,70,80,24,62,80,55,68,45,60,66,61,78,60,68,78,80,80,80,50,61,64,74,70,76
3,76,80,32,30,20,50,77,79,26,68,67,70,75,59,79,77,76,50,79,78,73,64,73,76,68,65,46,56,74,75
3,69,71,29,18,13,75,75,77,30,59,72,64,66,51,78,78,79,77,69,76,92,80,75,75,64,60,42,74,68,75
3,70,67,19,15,24,65,82,82,42,64,75,54,63,45,76,74,75,65,78,75,70,65,75,81,67,61,50,67,67,75
3,79,75,25,29,27,51,72,80,21,65,79,61,69,49,69,69,55,70,75,69,65,60,78,80,76,73,73,75,76,75
3,69,72,27,28,35,80,72,73,36,63,69,54,68,48,73,77,79,81,59,68,65,67,81,75,72,56,44,66,73,74
4,78,80,30,22,31,57,65,67,29,60,73,50,66,48,87,92,76,72,64,89,80,64,73,75,70,63,49,72,64,74
3,72,59,38,31,37,47,63,78,32,44,77,48,63,41,61,66,69,83,44,52,74,79,80,79,69,38,35,63,68,74
3,75,71,32,23,27,55,72,76,34,56,72,53,58,49,71,74,70,71,55,69,66,72,76,75,64,68,54,74,66,74
3,69,68,17,26,23,52,69,73,43,50,62,47,62,59,49,55,63,89,51,34,55,84,76,80,76,57,62,64,63,74
2,70,63,24,23,29,74,74,80,45,68,77,48,65,55,55,54,63,79,74,59,83,81,75,77,69,57,33,75,70,74
2,69,70,17,22,19,66,68,73,15,56,62,50,63,46,71,73,66,77,62,61,78,72,75,74,72,45,33,67,63,73
4,73,74,31,22,23,57,78,72,34,65,65,61,62,55,73,78,61,71,56,62,55,77,67,71,71,62,63,64,77,73
2,71,61,17,24,35,73,72,82,33,64,71,51,62,46,54,63,72,78,66,67,77,78,75,76,63,59,49,77,73,73
3,71,75,19,35,24,75,69,73,46,63,67,64,62,52,93,91,82,77,90,86,90,69,73,70,66,63,36,70,56,73
3,72,70,22,18,19,70,70,74,25,58,75,64,65,55,65,55,63,82,55,63,65,75,78,74,71,55,47,75,73,73
2,70,66,13,22,24,73,68,76,28,61,74,62,66,49,63,66,68,81,56,61,71,78,72,75,64,47,46,63,65,73
2,70,66,39,26,35,36,73,80,42,67,79,56,54,40,60,68,78,74,66,74,81,73,74,78,61,46,32,84,73,73
2,71,70,21,25,43,57,72,74,22,67,74,49,62,49,60,66,72,80,56,68,70,75,75,75,59,49,41,71,64,73
2,71,72,21,23,16,62,66,74,33,66,62,67,71,52,72,61,75,65,65,75,72,82,75,71,66,53,43,73,77,73
3,69,68,23,24,23,52,75,76,30,53,68,30,65,32,77,80,70,63,64,62,72,67,75,75,71,52,51,70,71,73
2,70,56,18,20,34,69,73,78,36,58,75,52,61,34,57,61,48,88,58,66,70,76,81,73,69,60,69,75,74,73
3,71,69,11,15,15,32,67,76,17,45,61,41,59,33,86,85,77,70,75,81,77,71,65,73,50,67,41,65,69,72
2,68,68,40,45,40,60,70,75,35,57,69,56,60,53,87,83,85,74,77,75,69,65,78,68,74,58,62,74,72,72
2,73,69,33,39,46,85,68,72,35,59,67,65,64,54,68,69,78,77,56,70,81,75,73,72,65,59,56,72,65,72
3,72,59,11,11,14,43,69,73,15,49,73,45,55,35,68,75,77,91,59,71,90,73,75,71,50,55,55,73,69,72
2,70,57,22,21,27,77,66,75,22,56,77,50,64,50,63,53,71,85,75,51,81,76,76,76,80,52,64,74,70,72
2,62,64,30,26,28,64,78,80,25,65,74,64,62,51,83,78,69,60,72,65,84,65,68,76,63,68,61,62,75,72
3,75,74,35,32,37,58,61,67,47,66,55,67,66,67,83,75,70,54,78,79,64,49,69,71,66,62,53,59,58,71
3,65,70,15,21,28,47,67,69,31,47,59,59,69,48,75,85,73,76,75,64,64,66,73,71,65,59,58,70,64,71
3,74,71,26,32,36,54,72,75,30,64,74,59,68,50,74,72,71,63,73,76,59,55,71,72,59,74,66,74,71,71
4,75,76,30,19,27,57,69,69,25,70,77,62,69,68,70,71,70,70,77,78,67,64,71,71,72,70,72,78,66,71
3,66,72,40,23,39,58,72,76,24,69,70,72,69,59,73,78,68,68,59,68,75,63,74,68,67,67,49,70,65,71
3,69,71,30,36,38,60,65,68,36,59,62,49,59,52,90,89,71,81,74,80,74,48,72,72,65,60,59,49,47,70
2,67,63,15,16,19,33,68,68,17,58,57,42,53,35,81,81,70,84,61,73,79,65,70,70,66,58,54,59,57,70
3,72,69,46,44,51,64,69,70,36,64,65,36,60,49,81,79,77,52,78,74,68,65,79,66,74,53,52,63,74,70
4,73,72,37,24,30,55,57,69,40,61,66,62,61,60,84,82,56,72,77,85,75,55,58,70,65,54,35,51,55,70
3,67,71,18,31,41,71,65,66,17,60,54,59,66,56,76,83,80,73,74,79,80,68,76,67,63,61,54,61,63,70
3,71,72,41,35,43,75,68,73,37,67,61,55,62,55,81,80,78,54,84,77,73,46,78,72,73,73,70,55,69,70
2,66,59,19,29,24,45,68,78,23,57,68,40,52,38,71,68,57,78,56,58,70,69,65,75,53,45,45,62,64,70
3,68,66,23,24,26,50,53,72,36,48,53,60,70,62,70,84,71,80,68,67,90,69,67,72,60,55,37,56,61,70
3,67,68,34,24,37,73,66,68,42,58,74,66,66,40,76,79,81,81,63,81,74,67,68,66,66,57,48,56,64,70
4,71,74,32,42,39,46,67,67,34,64,67,65,67,58,81,82,64,68,78,76,63,58,73,65,67,74,48,59,66,70
3,70,72,36,35,46,62,67,71,38,65,61,58,66,54,46,51,62,85,41,48,54,74,70,73,63,55,58,69,71,70
3,72,73,14,13,16,40,65,72,18,67,65,73,70,60,85,72,72,60,75,82,60,53,72,71,70,71,72,73,68,70
3,73,67,20,12,11,41,65,68,35,63,73,62,68,25,68,73,64,68,65,74,66,68,73,70,69,71,51,64,74,70
3,68,66,32,33,42,67,71,76,36,62,66,62,68,64,53,55,55,75,74,70,76,74,67,69,65,66,62,74,59,70
3,70,72,28,21,31,22,67,65,23,55,64,61,66,53,75,91,86,75,61,85,76,68,62,69,60,68,48,63,68,70
2,67,63,37,12,18,62,58,73,39,56,57,60,68,60,63,63,71,78,59,62,81,71,73,72,68,56,64,69,68,70
2,68,64,45,38,40,61,63,75,38,53,66,40,55,42,58,52,53,79,42,52,38,72,70,72,67,41,49,67,58,69
4,70,73,31,38,39,48,65,65,38,66,67,63,62,49,88,81,72,68,88,79,57,63,68,66,65,61,60,63,64,69
2,65,62,12,12,18,68,62,69,17,55,62,33,59,34,80,80,65,87,72,69,64,63,75,67,63,38,32,66,35,69
2,71,68,20,22,18,49,62,73,19,50,48,58,68,51,67,42,56,77,56,68,65,72,72,68,58,36,29,59,58,69
3,69,71,23,20,19,46,62,66,41,51,53,63,60,33,84,90,72,75,63,85,83,59,63,70,65,45,45,65,61,69
2,70,67,19,20,27,54,64,65,23,60,67,58,60,59,82,81,67,66,72,90,91,66,66,71,62,59,39,67,62,69
4,72,73,18,22,24,62,66,66,22,68,72,67,69,66,71,69,67,71,66,68,65,65,73,64,70,55,66,64,67,69
2,72,68,29,31,32,55,68,72,45,63,72,58,64,57,74,72,63,61,67,82,57,50,69,71,71,65,38,60,60,69
2,67,63,37,30,40,71,66,67,45,66,69,62,60,51,68,73,86,74,67,68,80,66,73,69,70,63,61,71,64,69
4,76,75,34,29,35,53,61,67,48,62,42,63,68,61,70,63,62,56,70,61,54,58,63,66,64,72,74,80,61,69
3,68,59,11,12,14,45,63,67,17,53,56,28,60,48,76,76,72,87,44,59,78,73,64,72,52,61,59,65,61,69
4,68,72,33,34,40,66,71,75,38,66,69,67,68,55,88,77,75,60,77,73,32,54,76,63,60,61,57,66,61,69
3,66,67,24,30,34,71,70,70,33,65,70,47,56,54,69,68,66,76,73,70,80,64,72,70,66,67,55,74,70,69
2,69,55,16,20,32,48,69,75,20,48,75,40,60,30,50,60,54,90,32,30,82,83,55,75,41,44,50,78,70,69
3,61,54,22,17,28,62,69,70,29,44,70,39,54,39,56,54,62,78,50,66,73,77,68,74,56,35,33,58,53,68
3,72,74,25,28,27,40,60,61,29,61,51,65,70,62,68,63,56,57,67,56,47,65,72,70,66,58,47,68,62,68
3,57,61,11,12,11,43,62,62,31,41,41,55,51,41,55,71,55,88,41,42,63,75,77,71,64,41,51,51,61,68
4,71,77,22,23,17,40,61,65,30,36,58,61,55,41,78,75,55,49,84,87,66,61,66,72,71,51,52,77,65,68
3,72,64,23,24,23,58,65,68,23,42,65,44,58,41,77,75,76,55,80,75,75,55,71,74,51,82,62,65,64,68
3,74,69,29,22,23,35,53,72,23,67,51,59,69,48,70,65,59,45,82,68,56,58,63,76,64,57,58,65,61,68
3,64,67,20,21,17,78,61,70,36,48,66,45,59,55,89,86,72,58,88,76,75,57,65,71,67,68,61,68,56,68
2,63,64,27,34,28,88,59,64,28,57,60,31,48,25,77,78,85,86,62,62,86,74,68,68,54,37,35,62,48,68
3,65,64,18,20,12,78,68,70,36,62,64,38,58,31,79,74,75,73,58,63,72,71,63,68,57,42,29,64,47,68
2,66,69,44,48,39,48,61,67,51,64,60,59,63,45,79,82,83,64,66,62,72,61,66,69,66,62,62,68,58,68
2,69,65,11,19,29,33,62,65,23,65,56,28,65,61,66,69,70,78,33,52,34,64,72,67,66,66,56,73,65,68
2,66,68,15,26,18,86,66,65,21,52,56,63,64,53,70,72,66,75,74,73,83,60,68,70,67,64,38,50,60,68
2,67,65,34,34,40,75,64,69,33,54,73,62,62,62,67,77,84,69,65,74,63,64,77,66,68,70,67,61,51,68
3,71,71,23,27,24,58,61,63,24,57,63,63,70,64,72,66,71,74,59,72,74,66,73,62,70,54,68,60,69,68
3,64,60,23,30,40,51,68,70,20,60,68,48,58,40,70,69,68,72,63,72,82,70,68,70,52,52,50,70,64,68
3,65,59,27,26,32,75,60,66,35,60,71,50,56,52,54,69,68,92,49,32,70,72,76,69,58,55,57,73,65,68
3,64,62,20,23,24,57,57,73,26,59,58,47,54,44,68,75,70,71,62,64,65,63,67,69,56,54,46,67,61,67
2,59,49,30,23,32,53,55,66,28,56,49,39,57,51,63,63,69,78,69,64,78,78,76,69,66,28,32,65,49,67
4,67,74,24,27,40,39,51,59,25,64,52,62,66,47,79,76,66,59,75,80,58,49,70,62,66,71,48,33,68,67
2,61,57,26,29,23,76,62,63,23,51,52,27,58,43,67,65,60,78,48,53,61,72,74,71,56,37,36,65,55,67
2,63,56,25,33,37,76,66,68,26,59,68,53,58,49,55,62,67,83,55,59,76,73,74,66,58,57,68,65,59,67
3,64,63,29,12,20,47,63,70,32,59,70,56,47,35,82,79,64,59,71,74,57,59,70,72,64,61,56,70,55,67
3,66,65,16,37,38,53,66,64,36,62,73,47,59,51,75,71,72,72,84,85,74,64,73,63,61,33,40,75,66,67
3,71,67,32,13,25,78,67,68,43,58,66,56,51,47,73,74,94,57,83,77,91,63,68,68,64,55,50,68,60,67
3,66,66,16,18,19,42,64,59,24,37,53,31,54,42,68,73,63,85,48,70,75,65,70,65,62,51,54,71,64,67
2,64,58,22,18,22,85,68,72,33,49,55,49,60,50,68,75,80,85,62,61,80,73,67,67,50,55,34,65,49,69
2,68,65,20,33,35,53,64,69,26,66,64,48,66,55,76,69,73,57,82,81,90,57,71,64,64,50,41,42,63,67
2,68,66,14,28,35,74,67,63,37,72,68,65,64,61,66,69,60,77,50,60,45,59,70,64,59,68,64,66,60,67
3,66,66,37,32,38,64,69,65,29,67,60,64,66,64,74,75,69,70,65,69,69,49,77,65,70,68,66,65,68,67
3,59,62,42,20,30,71,66,67,48,65,63,43,55,41,53,65,80,82,42,56,79,72,76,65,64,45,56,69,64,67
3,66,67,28,43,46,56,67,70,42,67,74,60,67,59,64,67,67,72,80,73,74,64,67,65,61,60,53,71,62,67
4,66,67,45,36,40,35,63,66,44,59,67,63,63,56,51,54,73,75,59,73,84,74,70,65,64,40,43,65,57,67
2,65,61,35,32,38,59,73,70,21,64,71,47,58,35,47,40,57,85,49,53,68,67,68,68,60,54,35,74,66,67
2,64,66,13,13,16,60,62,62,20,48,59,42,55,36,65,73,66,73,67,69,73,65,65,68,60,49,38,61,55,66
3,71,73,11,16,17,29,54,66,18,56,57,66,63,57,58,55,79,76,59,73,83,58,69,68,54,68,28,62,46,66
3,64,67,21,26,28,56,61,57,25,41,55,43,52,38,85,87,50,64,78,86,75,60,70,66,58,43,46,58,68,66
4,62,67,18,16,18,67,60,63,15,57,58,42,45,38,78,81,67,78,61,76,65,62,78,64,61,56,43,60,44,66
3,64,67,20,19,23,43,63,64,22,66,58,64,62,58,65,72,72,70,64,64,71,64,70,66,59,49,39,59,56,66
4,70,71,12,20,14,70,55,59,22,46,69,55,64,59,86,85,85,68,67,74,82,61,70,67,66,53,37,57,56,66
2,62,58,31,19,23,71,57,69,33,47,65,42,55,39,64,65,70,81,53,57,80,72,68,66,60,42,35,61,62,66
2,61,62,44,49,47,65,63,64,54,60,61,54,60,58,68,69,82,78,68,70,72,66,62,68,56,57,45,62,60,66
2,62,55,15,12,21,49,67,67,21,59,58,54,54,26,76,72,71,70,72,61,60,57,64,72,64,37,36,69,62,66
2,61,67,16,37,30,51,53,68,21,63,61,56,64,38,71,76,62,64,79,87,71,59,69,72,60,53,33,51,75,67
2,65,57,37,30,34,57,67,65,21,47,60,39,64,49,53,45,62,84,39,55,76,68,70,64,65,57,53,66,64,66
2,62,54,20,21,19,53,57,73,20,55,54,32,53,29,34,49,59,81,34,37,40,82,68,65,45,32,26,58,51,65
3,65,66,30,23,27,49,61,66,55,67,47,63,71,64,59,63,44,61,74,80,83,68,70,70,63,43,37,46,54,65
3,64,77,21,22,17,41,51,61,23,44,42,51,61,52,88,91,51,57,81,78,47,56,62,65,59,41,43,77,67,65
3,61,64,17,31,28,48,64,66,19,63,58,60,39,38,80,64,73,78,55,65,79,69,62,64,45,55,41,56,53,65
2,61,59,22,18,22,61,60,66,18,59,58,38,58,39,55,67,67,80,47,52,66,69,66,65,65,56,45,59,60,65
3,69,72,21,27,16,34,53,67,14,76,56,48,57,50,77,73,69,55,80,81,61,44,63,75,57,52,46,55,64,65
2,64,65,29,27,32,55,62,65,35,61,62,53,61,57,79,76,69,59,79,78,65,48,67,64,63,62,59,49,65,65
2,65,61,21,17,21,36,67,69,18,62,67,32,63,36,53,66,68,72,33,69,38,64,53,67,52,59,32,48,50,65
2,59,61,18,41,46,75,58,64,52,41,48,42,56,39,82,81,74,69,64,89,91,66,63,65,43,41,38,58,59,65
2,66,65,22,25,28,47,67,59,25,42,71,58,61,50,72,61,64,66,64,64,71,60,71,62,62,57,42,66,65,65
2,64,65,36,31,41,49,63,61,50,59,44,57,61,46,83,85,72,63,73,86,50,55,59,64,64,49,59,53,61,65
2,59,53,25,28,34,70,63,67,23,50,67,41,59,54,51,59,72,75,55,53,66,75,68,65,58,54,36,62,54,65
2,64,64,24,17,17,54,66,60,24,49,50,67,67,50,75,76,56,45,80,78,41,45,67,63,66,64,58,68,64,65
2,64,67,20,13,21,48,64,66,42,43,62,53,56,35,73,73,80,56,75,78,72,63,64,67,61,47,55,68,61,66
3,59,64,33,31,37,47,63,63,23,50,54,56,63,51,84,90,72,58,60,80,62,49,64,59,62,61,53,51,60,65
4,67,66,19,17,24,35,70,68,13,55,67,59,64,57,86,85,81,58,91,75,90,54,61,58,55,44,48,63,47,65
3,66,62,28,29,25,49,63,60,26,57,56,57,58,53,71,78,62,65,53,63,61,57,65,67,61,61,63,64,59,65
3,70,54,24,16,18,65,60,61,39,46,57,39,44,26,78,80,69,88,71,74,77,72,59,64,43,31,48,57,58,65
2,56,61,17,13,27,72,64,62,35,60,67,47,57,52,80,81,84,85,72,58,60,58,65,65,59,51,37,68,56,65
3,59,56,33,25,50,78,64,65,31,65,61,46,53,41,70,72,84,82,73,61,87,67,72,60,56,48,35,59,56,65
2,59,52,34,42,44,74,67,67,36,63,62,31,62,51,42,53,74,89,36,36,79,75,64,64,59,43,32,55,55,65
2,61,60,22,20,20,54,58,69,22,60,65,42,59,42,65,54,71,82,64,60,72,64,73,64,55,62,61,71,61,65
3,63,67,10,18,12,29,50,58,13,49,57,41,58,35,65,68,56,68,73,62,56,61,64,69,62,47,39,68,63,64
4,71,75,23,31,32,31,61,62,31,64,66,72,62,51,84,71,61,39,91,91,52,51,59,64,61,66,65,64,71,64
3,72,74,36,33,36,52,67,72,35,42,53,42,44,32,78,77,67,42,82,81,62,39,52,67,63,44,42,55,71,64
3,62,59,23,22,24,52,64,65,57,58,55,53,55,58,68,65,54,56,50,58,52,58,65,69,59,53,58,62,55,64
3,63,69,16,22,23,27,57,64,23,68,66,52,65,50,89,87,62,39,88,86,76,52,60,68,57,55,28,61,53,64
3,66,63,36,19,28,55,58,66,41,66,60,45,64,51,57,62,63,68,52,66,67,57,65,64,62,56,62,64,53,64
2,62,59,36,39,42,54,64,54,48,58,61,48,64,52,69,73,76,75,48,57,82,68,67,60,60,50,55,62,62,64
2,59,60,12,14,17,55,69,66,21,40,61,37,44,17,68,69,59,67,70,70,67,59,67,65,54,41,43,59,59,64
2,60,51,17,22,21,47,62,69,26,58,54,51,54,40,49,52,47,71,62,65,81,73,66,64,51,43,48,67,64,64
2,64,61,13,10,17,42,55,63,22,50,64,35,51,32,66,70,68,81,49,59,61,58,64,63,53,40,26,64,56,63
3,68,63,12,10,15,26,51,60,15,48,63,28,46,33,77,75,52,77,43,52,60,62,50,69,53,55,30,63,49,63
2,63,67,17,10,10,40,59,65,24,53,50,57,64,35,78,74,70,56,65,73,63,43,53,68,56,33,26,56,52,63
2,60,65,19,18,17,38,56,61,16,52,53,42,54,36,82,79,45,63,65,70,72,56,61,63,55,42,45,65,44,63
2,61,59,38,36,37,51,54,57,34,55,55,54,61,55,62,63,64,77,64,59,63,63,72,64,53,51,51,57,46,63
2,60,56,53,50,59,49,63,63,59,54,54,50,62,56,76,79,71,72,67,60,65,54,63,61,55,44,38,64,45,63
2,66,65,14,17,20,69,56,64,31,46,50,39,39,30,62,65,69,74,77,79,83,65,60,65,52,50,49,58,52,63
2,62,65,23,24,23,57,63,66,29,54,59,49,57,44,84,85,75,51,81,82,71,48,59,61,63,58,51,57,65,63
3,56,49,16,17,24,55,55,70,32,45,69,37,31,39,58,62,55,81,53,78,52,63,65,68,54,71,49,53,81,63
2,57,57,29,22,34,69,63,66,40,58,67,38,42,46,68,66,63,62,68,71,71,56,71,64,66,43,60,67,67,63
2,64,62,23,15,20,36,61,57,24,58,60,34,44,40,79,78,69,66,84,80,60,55,63,64,54,37,45,58,57,63
2,60,54,28,23,27,65,72,64,36,66,75,56,57,53,49,53,67,71,72,71,74,60,63,65,59,40,45,69,65,63
3,67,68,16,24,20,33,62,66,32,69,72,48,60,51,75,55,58,59,59,83,57,43,58,65,61,65,48,64,62,63
2,64,57,11,20,14,57,46,59,18,43,39,35,44,43,83,80,72,77,66,73,68,60,63,60,55,45,31,62,58,62
2,62,63,28,27,21,42,56,60,17,57,54,63,54,49,75,69,63,55,74,76,58,37,51,52,55,62,54,60,48,62
3,64,63,43,45,50,60,62,63,43,67,64,51,63,55,65,58,68,58,75,71,71,52,60,63,63,51,54,40,55,62
3,58,52,21,28,24,75,56,57,28,50,55,29,48,35,55,64,56,94,35,33,62,62,76,60,58,37,39,62,62,62
3,66,62,23,26,12,31,65,59,34,51,43,42,44,27,72,69,54,58,61,80,34,57,66,60,59,54,58,67,45,62
2,53,54,30,26,29,67,60,60,46,48,52,49,58,42,74,72,84,75,67,70,83,68,60,60,49,43,35,56,49,62
2,65,60,26,26,29,52,54,57,28,56,52,48,62,61,83,74,60,66,80,58,81,56,65,61,53,51,41,62,43,62
2,60,61,22,27,35,62,62,60,23,60,51,61,62,59,53,50,73,74,53,45,73,63,63,58,59,43,47,64,64,62
2,58,57,19,13,14,36,56,62,17,39,43,42,51,38,65,64,57,71,50,57,84,60,58,62,55,53,35,55,62,61
2,60,59,12,13,11,35,61,61,16,48,48,41,49,42,74,76,73,48,71,85,52,50,61,64,56,42,42,70,56,61
3,54,58,13,12,23,53,56,62,22,43,60,37,51,34,80,68,66,70,67,71,63,59,55,60,55,51,48,63,54,61
2,57,55,34,18,14,40,49,61,34,34,47,31,54,44,72,68,66,65,85,81,81,55,65,63,53,58,33,63,51,61
3,60,51,27,31,31,46,60,59,36,50,60,41,58,52,51,51,67,82,65,57,74,64,60,62,58,46,51,65,57,61
2,53,56,18,18,18,65,51,57,14,46,48,36,47,31,76,76,59,63,68,59,56,48,59,63,50,38,30,65,47,59
3,59,59,33,47,45,43,57,58,40,54,42,53,55,54,82,83,65,54,78,81,55,44,58,58,47,55,45,47,54,59
2,52,51,23,22,28,53,49,55,20,42,50,45,60,49,68,73,84,78,59,56,71,55,64,60,59,45,39,61,42,59
3,56,53,23,25,25,53,45,58,24,53,49,45,41,28,78,81,66,68,65,65,70,64,51,60,45,28,22,52,46,59
2,59,60,56,52,61,58,63,58,55,59,58,58,60,59,52,48,60,61,65,70,60,55,68,56,60,55,60,59,53,59
2,51,45,26,26,26,59,44,56,23,49,50,31,49,24,67,59,69,75,47,49,67,64,59,58,39,38,36,57,45,57
2,44,56,18,14,16,32,46,56,12,50,54,28,37,31,51,52,52,77,56,62,71,62,57,59,58,33,25,60,46,56
2,52,47,13,11,20,30,51,55,17,48,47,33,44,26,64,54,62,78,70,71,59,51,50,55,47,42,30,56,43,54
4,91,93,25,22,27,54,85,85,41,86,86,80,84,80,93,87,77,65,90,92,59,57,79,81,82,82,79,86,79,89
4,90,89,29,39,36,57,76,79,37,87,86,86,86,84,79,75,73,76,81,80,48,59,78,76,83,90,91,76,79,85
4,85,87,25,26,35,48,81,79,36,80,78,78,83,72,77,77,69,67,75,82,76,65,84,75,81,78,72,63,84,83
2,69,75,13,18,14,43,74,82,21,52,54,44,58,49,75,75,68,75,66,76,68,68,71,76,62,42,54,67,67,74
5,93,92,22,23,31,63,96,94,29,85,86,84,83,77,91,92,92,80,63,90,95,85,92,93,90,81,76,85,88,94
5,95,96,21,33,24,56,88,90,36,80,80,75,81,75,93,90,79,49,82,96,61,62,78,89,77,79,84,81,83,92
3,80,82,35,43,47,68,72,75,45,72,78,81,77,73,86,84,77,47,79,79,81,40,77,64,75,79,76,67,69,77
3,73,76,15,20,18,45,75,69,20,58,59,52,60,43,91,93,74,33,91,92,69,58,70,71,70,69,38,66,52,72
4,88,88,24,40,44,55,81,83,30,87,79,77,85,78,89,77,79,61,91,91,59,47,79,73,85,84,79,64,75,86
4,90,88,16,22,24,34,80,83,26,85,72,82,81,72,94,86,77,44,93,96,55,56,68,71,79,78,75,61,74,84
5,86,87,15,20,22,62,80,77,31,80,79,82,81,79,86,79,75,62,77,92,46,46,85,75,83,86,79,72,75,83
4,86,89,20,22,30,40,77,78,25,72,66,76,78,62,89,92,76,59,77,93,72,40,68,74,65,84,75,70,60,81
3,83,86,26,35,32,58,79,79,32,68,74,72,75,64,92,91,80,63,82,86,66,72,78,75,77,81,62,63,64,80
4,80,85,24,20,31,62,77,75,31,73,67,67,73,63,91,89,78,80,83,83,74,55,88,72,81,85,90,66,69,79
4,81,85,52,45,62,52,74,70,55,73,71,73,70,71,79,77,78,64,76,85,56,38,77,73,71,75,77,50,65,77
4,71,74,37,46,56,58,67,65,57,67,47,66,67,65,90,90,66,63,86,86,78,51,68,72,67,37,37,40,58,72
4,85,86,30,46,36,49,87,87,50,86,82,83,86,79,89,91,73,67,82,87,72,51,87,84,85,90,84,84,88,88
4,84,88,35,38,39,59,81,80,42,70,80,73,75,58,92,91,80,80,85,85,80,70,84,82,72,76,54,71,74,82
4,82,82,38,42,45,70,77,78,63,81,76,74,80,72,85,90,73,66,78,83,59,55,75,75,74,77,70,60,69,81
4,88,86,17,28,29,54,74,75,31,72,69,74,76,64,90,92,75,78,77,79,66,58,75,73,72,70,52,58,68,80
4,83,84,49,52,54,75,79,74,66,81,70,79,83,80,77,73,79,63,77,87,74,67,78,73,81,78,78,80,69,80
4,85,83,40,26,34,56,80,73,31,84,78,79,81,77,72,70,73,64,77,81,65,63,69,65,66,83,76,80,73,79
4,86,84,23,35,35,44,75,78,32,78,75,74,78,68,83,79,69,65,79,81,63,48,76,72,78,80,79,75,74,79
3,82,81,35,30,32,40,81,80,29,75,56,79,76,69,72,73,70,59,69,71,59,44,73,73,75,63,53,47,64,78
4,78,83,18,15,21,27,71,75,37,72,73,70,69,63,94,93,84,63,83,90,72,60,78,71,77,75,34,58,54,78
4,81,80,17,29,30,30,80,77,30,73,61,78,77,61,85,83,59,54,75,86,63,39,79,69,67,64,63,57,58,78
4,77,76,59,49,52,65,74,75,57,76,69,73,77,74,91,92,73,33,89,89,77,63,73,74,76,76,76,83,68,78
4,79,79,39,33,40,74,76,79,44,76,74,69,69,70,90,86,83,85,83,82,86,51,86,78,77,76,75,80,77,78
4,80,81,33,34,55,66,81,80,45,71,76,74,73,65,86,79,51,47,94,87,73,43,61,73,72,78,69,61,63,78
4,77,82,25,25,27,42,73,73,53,70,74,70,71,68,93,93,80,63,76,89,75,56,76,72,73,69,59,64,71,77
4,77,80,26,24,30,73,78,76,42,77,74,57,78,66,92,94,68,39,90,88,75,55,77,69,68,65,45,63,71,77
4,81,86,22,30,32,66,72,72,32,67,71,68,74,61,92,88,74,64,81,87,68,50,78,65,70,78,52,65,70,77
3,81,79,16,20,24,66,80,80,25,79,75,70,74,58,68,78,69,76,58,68,72,78,78,81,69,69,66,73,80,77
4,86,85,16,20,20,48,77,78,34,73,74,70,77,55,78,78,69,55,75,79,69,60,68,76,70,79,70,81,76,77
3,76,78,39,46,47,67,74,75,58,69,67,63,77,72,84,83,86,63,74,84,54,56,66,66,65,66,52,58,65,76
3,80,80,12,12,12,60,73,73,25,68,64,70,74,60,85,79,69,38,84,90,43,40,68,69,68,66,61,44,67,76
4,77,75,29,36,44,51,74,76,52,70,53,69,71,65,88,82,77,59,85,87,65,35,72,76,65,58,50,70,49,76
3,83,86,25,18,23,53,73,72,20,78,62,64,77,57,84,74,68,57,92,90,52,44,68,62,60,78,59,58,58,76
3,74,76,30,36,37,62,76,77,54,75,69,74,74,67,79,86,68,64,72,77,76,74,71,72,62,59,63,61,68,76
4,77,79,19,28,30,45,62,75,45,67,69,72,72,50,89,88,81,57,80,88,64,68,74,75,65,69,69,82,65,76
4,78,80,24,15,25,70,68,72,38,70,68,72,67,56,85,80,76,40,82,86,35,28,75,70,60,70,54,56,60,75
3,74,78,17,17,18,32,81,73,18,65,71,65,67,53,93,93,73,33,92,91,59,55,70,66,65,65,41,67,71,75
5,78,86,30,25,39,43,68,64,30,68,72,70,69,61,88,84,72,47,76,90,51,33,75,66,77,75,64,64,66,75
3,77,75,33,19,30,42,73,76,54,72,66,75,72,70,70,69,70,75,55,71,73,74,72,76,71,69,65,68,70,75
4,77,78,19,20,26,48,70,76,22,67,63,73,71,63,84,85,60,56,77,81,56,58,73,73,68,69,70,60,67,75
3,76,68,38,48,64,71,71,79,65,69,75,71,74,71,73,76,87,76,78,72,81,76,69,76,70,55,34,39,63,75
4,77,79,30,50,45,56,75,61,40,66,68,68,63,65,86,86,87,46,85,87,55,66,65,65,64,68,68,67,60,74
3,72,69,50,45,45,74,74,75,49,68,67,74,72,64,88,85,77,78,69,76,64,57,83,72,74,63,64,64,70,74
2,75,75,37,34,33,56,64,74,36,72,77,56,68,59,93,92,73,65,83,79,90,66,74,73,64,49,51,65,65,74
3,76,76,20,24,30,60,68,83,26,68,76,66,70,56,76,74,68,68,72,72,78,70,68,74,68,74,76,74,68,74
4,63,77,18,21,24,46,68,66,34,72,57,73,69,62,91,90,58,38,87,91,80,44,63,65,66,58,52,53,49,73
4,75,78,22,21,15,57,70,69,20,69,74,65,69,65,83,86,76,53,71,78,55,69,71,68,67,66,41,71,53,73
3,75,76,22,29,32,44,75,74,29,68,65,70,66,58,77,78,73,60,76,84,40,51,69,66,73,65,69,59,63,73
4,74,73,28,32,30,52,69,67,48,73,73,55,74,67,84,75,68,62,82,87,48,48,68,64,61,57,52,49,53,73
4,78,79,30,24,37,54,73,70,26,67,52,68,67,64,77,71,52,70,75,71,74,45,79,74,77,80,63,75,70,73
3,76,73,14,17,12,76,74,79,18,67,76,60,67,54,79,71,61,64,88,81,51,43,74,77,79,73,72,65,73,73
4,78,75,19,27,27,38,69,70,23,63,67,71,71,65,80,80,76,66,79,80,34,46,72,63,77,74,68,61,69,73
3,71,72,43,40,37,55,69,69,57,68,38,69,71,67,89,89,87,66,78,78,70,62,72,68,68,71,47,59,66,73
3,74,77,41,43,51,69,77,72,52,71,76,69,73,64,74,71,73,60,78,75,67,57,74,64,69,77,70,71,64,73
4,81,82,11,15,15,33,70,72,19,73,74,60,70,45,75,76,60,58,66,78,43,59,59,62,63,79,65,75,65,73
3,77,74,20,22,27,48,77,70,14,72,73,69,72,70,81,73,71,34,90,81,32,50,74,61,68,81,78,68,72,73
3,77,78,23,32,44,49,56,64,49,62,62,71,67,61,88,87,60,62,75,84,60,54,66,68,61,53,36,59,65,72
4,76,74,30,48,43,52,73,65,38,68,72,67,68,61,78,76,73,65,71,81,74,69,76,67,72,75,47,67,62,72
3,75,77,32,51,53,66,69,69,41,70,70,71,73,66,76,72,78,53,78,83,71,54,69,71,73,70,73,63,73,72
4,77,75,33,53,54,45,70,68,49,66,76,66,66,59,86,85,81,59,80,90,75,42,75,61,68,64,61,50,61,72
3,74,76,66,67,69,46,64,68,57,67,66,76,68,72,76,75,66,60,67,72,64,63,74,67,73,73,77,72,57,72
3,73,74,54,47,55,62,71,70,52,76,70,70,71,65,67,59,70,60,72,73,92,72,66,70,62,60,52,62,66,72
3,77,80,36,30,33,71,63,65,43,70,73,69,71,70,75,72,70,56,76,75,36,58,64,66,73,69,68,69,56,72
3,70,72,22,15,16,74,68,74,12,62,70,68,66,57,75,78,74,75,63,74,68,70,77,71,72,42,38,60,70,71
3,71,77,30,34,31,28,70,65,41,73,63,79,67,57,84,78,73,49,77,78,58,31,73,53,63,82,70,61,63,71
3,75,71,39,43,44,51,71,69,41,71,71,73,69,67,73,72,62,59,70,72,67,59,75,61,72,78,77,75,73,71
4,75,75,18,23,24,47,70,67,21,65,70,66,71,59,80,73,68,41,86,85,63,35,58,64,64,71,62,71,68,71
4,76,73,28,38,34,54,63,65,55,72,70,75,75,68,72,71,62,60,69,72,70,57,72,66,74,74,70,64,73,71
4,73,75,22,23,32,64,67,65,26,66,68,63,60,39,86,84,74,71,84,83,70,55,67,62,65,57,63,58,53,70
4,73,75,40,40,44,41,65,62,55,70,66,65,68,64,90,87,76,42,75,88,62,47,65,55,52,66,53,59,55,70
3,63,58,24,16,21,54,69,68,39,45,60,41,56,44,75,75,80,81,60,65,71,69,76,73,68,45,40,69,70,70
3,71,74,40,39,42,47,60,66,49,71,55,62,70,65,90,87,75,52,80,81,64,43,62,55,65,53,50,59,43,70
4,71,72,46,46,54,52,70,68,51,68,60,65,70,68,68,69,75,69,67,71,52,57,75,62,74,68,60,67,63,70
2,69,74,34,23,14,76,62,62,20,60,67,64,65,53,91,90,72,46,79,88,36,44,68,67,59,69,53,43,60,70
3,68,69,27,40,34,54,75,67,36,61,66,59,68,48,92,90,68,57,84,87,70,59,65,65,56,55,69,60,60,70
3,71,79,22,23,26,74,67,63,22,46,67,67,62,44,88,91,72,77,83,79,67,69,77,63,68,65,52,52,67,70
4,76,75,28,32,30,60,65,67,22,58,62,69,67,61,70,78,69,34,85,83,74,60,70,59,71,77,73,65,67,70
4,70,76,37,22,32,60,59,68,35,64,60,66,66,58,87,79,67,67,63,79,73,45,67,61,54,53,39,67,60,70
3,68,70,24,17,13,48,67,69,16,59,62,61,64,55,83,82,73,65,85,84,74,70,73,66,70,50,45,73,55,69
4,70,73,19,20,24,63,66,68,36,59,68,63,63,65,79,80,68,70,67,77,58,51,70,68,69,52,32,57,50,69
3,71,73,23,34,31,39,67,64,25,66,65,67,67,60,80,83,60,63,62,64,50,48,69,65,58,60,42,63,54,69
4,72,74,25,26,22,48,71,57,15,68,48,55,67,65,83,78,65,50,86,80,33,47,69,58,57,63,57,51,58,69
2,69,70,21,28,24,50,61,71,49,55,57,65,63,38,81,80,70,67,55,83,67,66,71,69,65,63,57,70,62,69
3,71,72,48,40,43,56,59,64,45,67,57,67,70,66,67,71,71,63,71,70,58,43,67,65,71,57,62,58,53,68
3,72,73,14,12,18,42,60,59,15,62,59,56,66,56,86,90,71,64,74,81,57,36,60,52,64,47,55,53,51,68
2,66,70,59,53,56,58,67,66,56,68,62,66,70,64,65,78,82,70,66,67,67,53,53,63,65,55,45,35,48,68
3,73,74,43,41,55,53,65,56,60,61,58,60,65,63,81,77,67,44,85,86,64,46,65,62,66,63,67,68,57,68
3,68,73,23,21,28,34,59,80,19,62,50,55,59,54,82,79,74,73,87,83,87,52,59,68,45,41,60,62,45,68
3,66,65,53,55,51,62,66,66,60,65,65,65,63,56,80,78,86,64,72,75,73,63,63,63,60,69,49,59,56,68
3,65,63,66,64,66,60,63,61,63,55,64,65,64,59,74,75,86,68,69,74,58,60,53,57,54,46,53,53,50,68
4,70,69,21,31,27,40,55,64,30,56,56,64,55,36,90,90,70,43,74,83,48,33,68,63,51,57,38,53,50,67
2,70,75,48,51,54,57,57,60,56,65,60,73,66,59,68,66,65,53,78,71,54,52,62,58,66,66,49,58,38,67
4,64,77,21,13,15,34,72,67,19,53,55,53,49,48,90,87,72,73,59,83,75,63,61,64,59,53,49,71,61,67
3,71,71,15,13,20,31,52,63,17,56,43,65,66,59,85,79,69,58,68,73,27,59,68,65,50,54,33,64,50,67
2,67,69,36,29,33,31,63,68,36,65,59,68,67,62,74,80,48,49,86,76,49,49,62,54,43,60,42,68,48,67
3,69,78,26,37,44,35,57,52,31,58,60,64,61,60,78,77,62,54,68,77,55,47,69,60,66,69,43,61,51,67
3,68,70,40,24,22,49,60,66,22,53,58,66,67,58,74,78,56,54,53,71,64,64,59,66,63,49,42,70,53,67
3,65,67,12,26,27,48,62,70,39,57,58,54,62,63,85,90,62,57,84,84,70,48,71,68,60,61,33,58,64,67
3,60,72,40,54,60,63,59,69,59,64,68,59,64,50,83,89,69,46,57,90,70,62,67,60,55,47,43,58,60,67
3,66,68,37,21,26,47,62,67,34,63,65,64,55,49,82,80,63,61,75,70,59,41,80,64,67,55,66,60,66,67
3,65,62,13,12,17,78,56,75,31,48,73,55,67,49,81,84,70,60,70,85,80,70,68,67,63,72,43,63,49,69
3,64,66,56,63,63,66,60,63,59,63,64,66,58,57,82,85,76,60,74,76,70,48,70,63,67,66,73,59,59,66
3,64,68,40,38,42,52,64,68,54,62,45,63,60,55,78,80,78,61,72,72,68,48,56,58,55,54,53,60,52,66
3,60,59,20,24,37,58,61,66,39,46,53,34,48,33,74,78,59,67,57,60,71,58,68,68,64,54,31,63,45,65
2,69,67,13,23,14,46,53,64,27,56,57,57,64,60,73,73,69,70,65,70,72,68,68,70,65,42,43,54,45,65
3,65,62,29,24,24,50,64,59,43,64,60,65,60,59,73,75,77,73,68,64,50,52,63,50,54,55,61,46,43,65
3,68,70,23,19,21,32,61,69,30,64,49,62,61,43,80,80,60,65,69,75,63,54,59,59,58,59,39,66,61,65
2,69,62,13,16,13,57,67,65,43,61,55,58,56,51,75,75,68,66,56,81,71,65,63,62,60,52,55,61,63,65
3,68,62,12,14,11,48,76,75,47,65,68,63,63,50,73,69,72,40,68,73,40,59,61,59,62,55,55,47,56,65
3,66,69,36,45,48,58,61,62,43,58,66,68,65,60,69,66,58,62,75,74,52,56,74,61,68,70,72,71,60,65
3,68,62,52,43,51,61,52,64,51,67,62,65,59,55,76,66,82,77,73,59,70,63,76,60,61,61,60,24,53,65
3,63,62,49,18,24,59,64,65,42,62,56,58,52,55,70,72,72,77,73,72,65,61,65,65,59,63,62,69,66,65
3,75,73,15,16,18,39,58,65,20,60,55,43,65,53,68,55,56,58,66,70,61,65,63,65,59,64,48,71,62,64
3,66,68,58,57,60,47,57,65,63,62,48,62,62,58,81,83,70,57,77,76,72,46,54,46,42,55,56,49,41,64
2,61,64,34,36,42,47,52,59,41,58,56,56,62,54,85,87,80,51,75,90,68,43,61,57,63,67,51,56,61,64
2,71,65,51,53,55,69,66,57,45,64,62,70,70,68,65,65,81,67,68,79,61,57,56,49,44,61,72,40,51,64
2,58,58,16,20,21,33,62,67,18,50,49,52,48,43,73,75,62,59,65,56,60,65,64,64,53,56,32,66,44,63
3,61,62,18,17,17,54,55,67,18,61,40,53,42,31,67,76,55,78,38,56,67,64,59,63,54,53,44,53,48,63
3,62,65,38,27,30,33,54,54,39,50,55,60,53,51,86,83,66,61,81,81,78,33,63,59,63,61,45,59,56,63
3,63,63,18,19,26,48,65,70,20,51,62,59,57,47,67,68,79,57,74,72,62,57,61,59,64,63,57,57,63,63
2,62,68,17,16,14,34,49,62,14,52,50,48,60,48,83,85,61,49,76,76,73,52,61,62,57,55,50,52,59,62
2,59,64,47,49,50,49,43,54,51,49,47,58,60,52,83,86,73,83,64,79,76,48,70,58,54,53,59,52,58,62
3,56,59,23,21,29,42,50,59,41,54,51,62,59,55,88,85,68,59,74,80,50,36,57,54,52,45,52,50,50,62
2,58,55,18,22,14,28,51,53,20,47,50,39,50,41,56,64,52,52,67,54,61,69,54,65,59,44,38,68,44,59
2,59,57,53,57,58,69,50,57,52,54,55,58,62,58,66,68,65,48,74,61,56,46,56,55,50,53,54,58,50,59
2,56,61,34,37,35,42,56,46,38,55,51,45,61,58,73,72,74,58,82,72,63,37,59,58,54,45,39,45,43,58
2,57,55,16,18,17,37,51,59,17,49,55,34,39,33,74,75,59,49,68,65,60,53,56,57,54,46,36,55,49,57
3,53,61,24,29,33,28,44,52,17,46,37,58,48,59,76,75,49,56,74,63,43,31,41,45,52,44,53,37,38,57
4,87,87,37,41,43,63,80,83,55,71,75,71,78,63,92,92,77,60,84,86,70,59,71,78,62,59,60,61,69,82
3,79,82,38,39,33,60,59,66,35,68,68,67,72,66,77,77,73,63,75,85,63,52,64,69,65,63,62,64,58,73
4,88,86,58,62,66,52,84,76,70,86,80,78,89,86,76,68,76,66,82,80,68,60,72,67,70,78,76,72,70,83
3,77,72,29,30,25,39,77,77,38,76,73,81,78,80,76,74,73,48,80,78,60,46,77,77,79,79,83,66,76,76
3,76,74,43,40,47,65,74,73,43,75,74,68,73,75,76,64,67,59,76,72,64,62,73,68,77,79,77,62,68,75
3,74,75,13,20,18,46,74,72,34,72,57,69,67,62,67,69,77,58,72,79,48,59,60,61,66,63,45,54,67,71
2,70,72,27,30,23,42,63,66,27,67,57,67,66,65,76,80,66,68,83,84,77,38,63,64,59,79,69,68,64,70
3,74,72,26,56,48,51,72,72,56,74,71,59,73,71,78,76,76,60,88,82,60,39,67,58,68,58,63,59,58,70
3,67,68,48,51,49,58,63,67,41,61,47,68,69,66,76,65,72,64,76,71,67,53,70,55,66,64,59,66,44,68
3,73,69,15,24,22,48,70,64,19,65,66,64,62,57,64,67,76,58,75,76,65,55,70,64,61,62,59,69,67,67
2,66,65,19,17,19,29,65,69,16,61,74,57,45,41,76,82,64,80,62,66,80,66,63,66,56,46,33,56,65,67
3,58,59,25,29,26,48,61,69,32,56,47,37,63,61,69,56,61,39,78,74,69,59,69,60,63,51,49,67,62,62
4,86,87,23,11,22,69,90,91,35,76,81,82,79,75,87,86,75,61,80,90,87,80,81,88,82,84,75,71,87,88
3,71,71,15,16,21,53,69,73,27,42,65,43,69,35,79,80,72,64,71,80,72,60,69,75,64,53,40,62,63,71
3,76,75,23,19,33,69,75,81,40,71,72,67,73,63,88,82,84,74,83,81,77,52,77,73,69,72,63,65,74,76
3,78,77,34,35,40,76,79,83,55,66,70,59,67,58,78,85,85,76,73,77,84,77,76,75,66,69,33,77,74,78
3,82,77,41,38,36,74,85,86,35,72,83,70,75,67,69,77,84,84,62,74,70,83,86,88,80,71,66,82,70,85
3,78,76,10,10,15,83,79,82,10,67,81,60,67,59,53,62,71,85,34,51,79,85,82,82,78,73,71,61,80,80
3,71,72,26,27,34,84,68,75,32,72,70,39,70,59,69,69,74,86,46,75,73,76,81,76,70,66,69,75,69,76
2,70,60,29,26,48,72,84,87,39,60,78,38,70,37,54,66,84,87,35,37,55,92,85,86,74,51,32,77,84,81
4,86,86,18,22,24,50,73,76,16,70,70,60,74,55,88,90,72,66,77,86,62,52,80,76,71,65,60,74,70,77
3,72,65,25,23,19,63,71,72,33,68,57,56,69,53,70,74,73,80,56,72,80,75,75,71,65,55,55,69,67,73
3,72,75,37,33,35,32,67,67,19,71,64,70,67,61,78,76,66,58,70,75,60,56,73,69,73,57,72,65,50,72
3,67,65,11,11,15,52,68,74,12,52,66,50,65,50,63,55,75,90,33,48,63,68,70,72,70,64,74,64,64,70
2,65,66,15,14,21,74,74,68,23,66,64,51,64,45,84,83,84,75,58,69,79,63,67,70,56,54,47,65,63,70
3,64,63,20,16,16,44,67,69,20,42,65,42,58,36,84,81,83,66,80,86,81,60,64,69,59,38,35,68,62,68
2,58,54,47,38,44,64,64,64,47,36,65,43,52,47,55,62,65,86,52,59,78,69,64,60,59,47,42,54,53,63
3,81,74,16,19,42,72,82,85,41,68,85,55,67,53,75,68,68,73,75,85,92,90,78,83,76,83,71,84,84,82
3,82,77,63,57,65,74,82,82,70,80,83,76,83,69,73,68,82,70,78,71,73,67,84,81,82,79,69,69,84,81
4,84,83,48,49,55,68,64,70,52,83,74,76,81,82,68,68,40,76,68,77,71,73,78,66,76,82,79,76,70,79
3,83,78,13,20,26,77,77,81,25,76,82,73,77,69,66,67,68,76,74,76,80,73,78,80,76,67,63,72,75,78
2,73,65,15,12,39,88,79,82,19,47,61,48,47,40,54,65,68,90,49,53,61,88,84,82,72,55,54,64,75,78
3,79,71,33,38,41,73,79,83,41,78,79,74,78,58,60,62,58,70,64,65,76,78,79,78,74,74,65,79,81,78
3,80,77,18,24,33,68,78,85,33,79,85,60,77,70,45,45,54,78,55,67,65,78,76,82,74,75,65,81,77,78
3,69,73,28,24,27,65,83,73,32,58,59,56,63,47,84,81,56,87,55,55,84,77,84,74,76,59,67,74,76,77
3,75,74,39,32,33,65,74,75,34,60,56,64,69,59,83,82,54,72,77,77,90,76,75,79,76,66,50,55,69,77
3,73,75,28,31,42,85,75,76,49,62,75,55,69,54,76,85,77,90,74,66,75,74,82,73,68,60,54,69,74,77
3,76,76,34,34,48,80,84,83,45,68,70,66,73,61,79,73,83,69,75,85,90,74,77,75,68,53,50,74,75,77
3,77,76,19,21,22,52,77,79,39,69,73,69,67,60,76,75,82,76,74,67,77,74,80,78,72,63,71,71,70,77
4,87,86,22,30,34,66,75,78,38,63,72,66,72,60,82,78,69,62,74,86,69,56,80,78,82,81,79,70,78,77
4,76,70,28,36,47,68,77,76,26,74,73,63,69,62,80,81,70,73,70,80,61,70,78,75,66,70,45,76,71,76
3,69,70,20,17,13,61,74,79,24,67,69,59,66,51,91,91,79,79,76,72,70,65,80,77,65,48,39,74,68,76
4,80,77,44,58,64,70,71,70,55,79,80,67,78,73,66,68,68,91,75,63,65,61,79,67,69,73,70,76,67,75
4,75,72,38,46,37,67,72,72,40,69,83,66,74,58,59,77,83,77,60,63,69,72,78,75,73,63,59,74,74,75
3,73,72,15,16,23,48,69,75,20,68,55,64,76,64,84,83,82,68,69,83,67,72,74,77,71,49,40,67,73,75
3,76,78,25,38,41,66,72,76,35,72,75,65,68,51,88,95,79,83,54,79,77,68,81,64,70,72,64,70,70,75
3,76,66,13,12,13,40,70,78,19,42,74,39,65,35,55,69,69,86,55,55,83,80,78,78,68,68,36,72,70,75
3,78,77,15,15,39,74,70,75,29,73,73,65,72,61,61,71,78,85,39,58,71,76,77,74,67,74,68,66,68,75
3,73,77,28,27,22,69,73,75,35,69,67,70,68,58,92,91,72,60,70,86,89,58,73,74,63,81,73,62,62,75
3,79,79,28,32,34,77,77,74,31,77,75,42,76,49,75,74,64,64,76,79,78,70,74,64,66,71,53,70,73,75
3,76,79,18,22,22,38,80,83,14,74,78,73,73,59,93,91,77,52,95,93,73,49,68,75,65,79,70,76,77,75
3,61,62,12,12,12,55,75,77,31,51,55,51,67,52,81,78,61,78,67,69,71,70,81,74,77,55,53,77,76,74
3,73,63,12,10,18,52,67,74,20,65,74,42,71,53,53,56,60,88,58,67,62,76,86,73,72,63,52,76,77,74
2,74,66,21,16,17,30,74,77,19,51,62,62,62,52,66,65,72,84,42,69,44,78,70,74,70,72,68,67,66,74
3,70,65,24,27,25,65,68,78,46,62,76,51,63,57,59,64,76,84,48,55,67,78,75,77,70,62,48,64,63,74
3,79,77,21,29,31,60,74,80,32,65,70,63,73,59,87,79,83,58,87,87,72,57,72,74,70,55,39,55,70,74
4,73,77,35,30,35,60,72,74,42,64,67,68,66,58,92,92,73,71,78,84,72,59,76,67,67,50,39,58,36,74
2,74,68,70,73,72,87,76,72,70,70,76,70,73,74,55,53,84,73,74,69,66,68,87,65,84,70,76,81,71,74
4,74,76,41,34,40,60,69,70,43,74,74,60,74,70,79,76,67,61,79,80,52,42,73,69,71,75,72,76,68,74
2,74,72,16,16,20,48,68,79,20,60,76,56,68,48,64,68,68,76,70,68,82,76,76,78,50,66,60,72,66,74
4,78,80,31,32,40,40,75,74,33,66,76,68,70,67,81,78,74,64,75,83,72,61,75,71,70,62,42,71,66,74
4,74,70,23,20,25,50,73,68,23,73,71,62,73,62,76,73,67,64,83,81,67,67,75,74,69,71,60,56,73,73
2,71,71,19,18,24,59,72,72,25,52,72,58,68,60,84,80,57,68,71,84,71,73,71,71,63,58,41,71,65,73
3,65,64,15,13,26,34,70,73,17,42,65,32,65,60,72,76,73,79,51,56,65,76,77,79,54,37,33,74,70,73
3,75,69,21,21,36,55,70,68,37,74,76,67,68,56,60,78,68,76,59,75,82,71,76,73,73,81,78,73,73,73
3,69,73,29,35,33,68,68,76,44,64,67,63,58,49,90,91,63,68,81,80,76,66,71,74,72,49,36,53,59,73
2,74,69,15,15,15,60,69,75,18,59,65,42,68,43,62,65,68,90,61,56,71,77,76,74,49,46,30,65,60,73
2,68,67,19,23,24,43,71,74,20,66,58,54,62,37,68,72,63,85,48,63,71,79,73,73,63,53,40,71,57,73
3,77,77,32,33,46,82,74,71,21,69,73,73,70,64,90,89,73,61,78,85,77,58,73,70,67,67,73,77,61,73
3,77,76,13,20,23,51,68,66,25,66,66,72,70,68,84,74,67,62,73,77,54,58,70,70,63,72,74,76,67,73
3,74,67,15,25,25,61,71,73,16,66,67,53,59,45,87,78,77,83,65,81,90,70,68,74,60,71,56,73,70,73
3,68,53,16,12,14,66,74,79,29,38,62,26,57,23,61,69,58,79,39,34,86,78,77,75,71,29,48,65,55,73
2,71,66,43,31,20,83,77,72,42,76,81,69,73,53,69,66,69,75,62,70,84,67,74,78,67,65,71,71,70,73
4,75,73,12,13,12,33,77,72,44,55,66,55,65,61,82,82,62,73,71,71,72,75,61,66,56,63,64,65,62,72
4,75,77,20,21,22,57,71,65,22,57,62,61,55,57,70,76,78,54,83,73,75,62,83,76,71,77,74,71,69,72
4,74,75,23,13,17,53,72,76,34,53,60,72,62,55,81,83,55,71,68,63,74,61,62,72,61,68,71,55,64,72
3,72,73,15,23,21,66,71,73,23,71,69,66,74,61,76,76,70,65,66,77,55,66,68,73,66,59,37,69,71,72
3,70,72,16,19,21,35,71,66,26,68,69,59,66,50,81,80,76,66,79,80,58,60,76,76,74,65,59,78,74,72
3,69,70,17,19,33,68,67,67,29,63,67,68,69,63,75,77,69,81,65,72,75,69,75,73,67,61,39,69,56,72
3,72,73,14,11,19,53,63,72,18,66,58,57,60,43,76,80,64,79,46,71,72,69,73,74,71,63,73,55,55,72
2,75,69,18,22,25,59,69,79,38,61,53,47,65,41,66,66,60,78,60,72,74,70,72,70,63,55,47,74,66,72
3,71,66,53,50,47,66,72,70,56,71,54,70,72,67,71,68,72,77,64,71,64,74,71,72,69,69,67,74,68,72
4,78,77,15,15,15,48,65,64,11,63,64,70,70,64,89,76,64,50,89,91,55,40,65,60,77,79,79,72,69,72
2,72,68,46,44,48,65,71,78,46,57,70,53,67,46,63,55,79,65,62,66,72,71,76,73,66,65,61,72,75,72
4,77,80,33,34,30,56,61,64,44,66,66,62,68,59,79,77,68,60,70,78,75,30,78,70,66,72,69,50,66,71
2,62,66,22,30,21,56,74,76,27,76,60,40,57,52,66,67,69,77,55,60,75,72,74,74,72,41,37,72,51,71
3,74,69,20,19,18,44,57,68,19,45,68,64,46,45,82,85,63,73,68,78,78,72,75,73,60,69,60,73,72,71
3,74,73,31,42,45,54,70,73,48,72,59,60,75,59,68,67,81,64,65,69,59,59,67,66,65,63,47,59,61,71
2,71,70,11,19,24,77,66,67,28,45,63,56,63,40,72,75,64,69,65,71,80,65,73,74,64,58,43,64,75,71
3,69,63,15,11,13,50,69,69,14,51,70,33,59,31,83,82,72,74,74,81,91,66,69,72,58,52,41,74,73,71
3,73,63,46,20,34,64,74,78,49,64,77,54,64,53,54,55,53,87,38,48,55,73,71,69,57,63,54,70,74,71
3,72,71,21,44,34,55,67,71,34,68,61,58,70,67,69,68,69,69,67,74,81,64,71,71,69,75,74,81,67,71
3,66,65,29,34,45,83,69,73,46,53,67,55,61,44,79,81,66,75,53,77,83,70,70,71,65,57,48,70,66,71
3,68,67,27,34,39,59,72,71,32,72,71,59,61,53,72,75,87,71,67,67,71,67,71,74,60,70,59,72,65,71
3,66,70,19,18,17,66,64,68,13,52,67,29,53,36,74,85,68,73,60,71,69,70,74,71,61,56,49,68,66,70
3,73,71,28,32,36,44,66,74,38,61,67,58,69,59,81,78,62,41,84,62,56,53,68,77,62,64,68,73,69,70
3,77,75,28,35,37,58,58,56,24,68,64,64,68,60,91,90,72,33,93,85,49,46,72,50,60,68,43,59,60,70
2,70,68,31,31,36,65,62,64,31,66,53,58,65,55,76,75,69,71,68,76,85,80,70,70,62,66,54,67,65,70
3,66,65,54,63,61,54,63,70,61,57,59,66,66,59,75,78,84,72,67,72,57,59,72,75,62,52,37,66,55,70
3,75,76,23,25,24,37,66,73,31,69,70,66,74,59,70,73,71,67,69,82,71,54,68,69,65,71,59,47,75,70
3,73,72,24,23,22,23,67,73,56,66,72,60,68,56,55,59,68,74,65,55,63,71,65,74,58,58,59,70,62,70
3,65,68,12,19,24,73,62,66,34,60,70,43,61,28,70,71,73,83,69,70,72,70,74,74,66,58,60,69,55,70
2,67,64,15,14,21,31,66,73,20,53,71,42,57,30,79,78,83,63,83,79,83,72,70,72,66,60,35,64,63,70
3,69,68,20,15,23,60,70,73,50,67,53,58,64,49,66,70,73,71,65,71,74,73,68,71,58,44,46,57,59,70
2,62,52,31,22,25,62,67,72,23,49,48,29,63,32,65,69,69,77,47,57,73,72,80,73,70,58,50,71,71,70
3,73,69,33,28,26,47,68,73,35,55,67,48,49,37,81,84,83,59,83,81,73,59,69,70,68,65,62,71,64,70
4,66,68,32,34,39,64,63,66,39,54,63,60,56,48,80,81,64,73,63,73,78,72,72,68,63,49,40,64,62,69
2,73,61,26,31,34,62,57,58,27,52,68,41,56,53,67,62,62,79,57,61,67,73,75,75,67,42,29,66,69,69
3,70,72,17,17,24,67,65,68,19,56,71,31,56,43,83,80,61,78,74,67,69,59,73,67,69,63,33,68,50,69
3,69,70,17,14,15,36,71,66,18,55,68,45,63,56,69,75,72,70,65,73,73,59,74,69,61,58,44,68,56,69
2,62,62,43,28,33,64,67,72,32,66,68,59,68,58,75,77,80,80,59,62,65,70,64,65,59,59,38,59,65,69
2,69,63,19,14,21,47,69,70,34,66,71,56,65,53,75,74,70,60,77,70,75,60,66,74,62,66,53,79,70,69
2,71,63,45,41,43,64,68,70,22,64,72,63,62,64,46,49,66,77,55,63,72,70,74,71,67,57,33,69,60,69
2,67,65,24,25,21,70,67,68,18,36,55,31,51,44,71,69,75,72,58,68,72,71,70,68,59,41,33,55,65,68
3,63,65,18,17,23,44,65,57,21,48,54,60,51,54,57,78,54,74,68,67,75,66,78,73,71,54,71,54,72,68
3,67,68,15,12,16,40,67,69,15,48,66,25,49,38,68,69,70,71,65,70,69,71,70,69,59,45,32,58,59,68
3,69,68,38,42,44,64,61,68,29,63,57,60,67,63,85,82,69,74,59,85,50,54,64,66,61,64,57,65,55,68
3,68,64,19,21,22,70,65,67,21,66,65,62,65,60,68,66,49,72,67,66,83,70,70,64,62,49,52,70,67,68
3,68,67,18,15,21,57,65,66,20,49,66,48,55,32,64,76,73,67,47,66,76,68,71,68,59,52,39,56,65,68
3,66,68,24,23,26,32,66,70,35,48,42,63,57,39,91,92,65,61,81,82,70,64,66,73,56,47,40,66,52,70
3,68,61,22,16,20,29,62,70,26,62,38,45,63,61,63,65,56,87,48,59,71,70,71,67,55,40,35,62,52,68
2,56,54,19,20,17,72,61,75,22,58,60,28,55,31,69,78,75,79,51,56,57,76,67,69,48,38,42,60,57,68
2,63,68,18,21,24,51,63,66,19,58,67,69,66,56,71,68,68,80,45,52,68,71,73,65,59,64,37,64,62,68
3,65,67,21,19,31,74,65,66,17,52,61,48,59,44,63,59,58,79,48,63,53,67,73,68,58,57,47,68,69,68
3,66,61,24,18,20,62,68,69,31,54,55,42,50,46,52,62,69,84,54,56,75,69,73,69,61,55,64,55,69,68
3,66,64,12,13,12,74,71,68,35,57,62,54,62,49,74,76,78,74,59,56,71,63,73,65,50,42,46,43,61,68
3,67,71,38,39,42,71,60,65,37,61,60,63,55,47,92,93,58,74,76,71,44,54,73,64,55,47,46,63,58,68
3,72,62,44,37,40,57,65,65,36,59,71,45,55,46,83,87,53,69,75,75,81,56,67,69,61,60,53,69,64,68
3,67,64,33,27,32,68,64,69,31,68,75,44,66,51,64,66,84,73,71,74,91,76,68,67,53,49,48,63,55,68
3,64,61,18,22,33,58,67,72,30,67,73,60,67,49,65,65,52,75,69,63,72,66,67,70,64,54,51,71,65,68
2,62,56,16,17,18,65,60,68,13,52,70,54,60,56,53,55,54,83,59,57,54,73,80,69,62,53,66,82,65,68
3,64,65,11,17,18,34,65,67,18,57,61,28,62,28,78,71,62,66,61,62,66,61,63,73,62,54,31,64,52,67
3,68,72,37,28,41,58,60,66,41,65,68,53,66,60,65,67,64,71,59,68,45,55,69,67,65,57,48,47,58,67
3,66,64,38,42,33,56,44,72,39,43,75,49,58,45,51,67,62,71,51,41,70,71,74,70,60,46,54,61,67,67
2,64,62,31,29,23,46,66,73,21,57,61,43,49,46,72,73,75,78,58,71,71,61,61,66,61,56,61,69,63,67
3,68,61,12,12,12,38,63,69,25,40,69,33,53,41,68,66,74,87,54,57,80,64,65,69,56,36,31,59,45,67
3,73,73,24,38,38,40,60,64,38,59,60,66,70,60,75,77,72,58,73,75,56,53,66,50,65,68,69,58,54,67
2,60,45,42,13,39,67,62,69,22,56,54,43,60,41,45,51,69,91,33,47,66,86,75,68,56,50,35,62,59,67
3,66,70,12,16,17,48,67,66,21,38,50,41,53,40,81,84,62,56,73,75,70,56,67,70,62,58,47,66,63,67
3,70,72,19,19,19,51,64,59,35,49,63,62,57,59,84,87,63,80,81,71,80,50,79,60,58,44,34,69,62,67
2,63,55,44,33,37,66,57,70,24,50,64,30,56,38,73,76,61,79,63,65,80,68,66,69,52,30,28,65,63,67
3,73,71,44,33,37,38,62,66,41,68,69,56,67,55,76,65,68,34,84,90,66,33,63,65,66,64,48,64,67,67
2,74,72,39,19,29,72,52,63,43,43,63,58,61,46,84,82,82,67,72,84,76,56,73,65,62,65,45,52,55,67
3,56,59,10,24,40,74,66,65,24,59,70,47,59,34,60,62,52,92,44,56,59,72,72,69,60,52,43,62,62,67
2,67,66,12,23,20,29,58,62,31,53,63,22,64,59,84,79,64,60,72,73,73,59,71,66,64,53,50,62,59,67
3,65,67,31,22,31,64,67,66,44,60,64,61,62,48,64,66,64,67,71,70,68,58,68,68,69,69,44,70,65,67
3,66,64,25,23,26,30,57,64,11,41,52,42,62,32,51,52,56,84,32,58,33,67,64,71,68,55,42,63,62,66
3,65,68,22,21,21,61,55,60,27,58,67,70,66,58,78,78,65,63,65,69,53,58,76,63,66,51,42,61,50,66
2,59,68,15,16,14,43,61,59,28,49,50,60,61,55,84,86,75,68,68,72,55,61,77,61,59,65,60,58,65,66
2,67,44,19,16,14,60,65,77,43,51,68,46,53,47,32,34,68,91,31,29,29,79,74,66,59,62,47,66,65,66
3,66,59,25,28,30,50,58,64,15,39,67,31,53,30,72,73,58,85,60,62,70,67,69,64,54,52,57,66,56,66
2,64,59,29,17,21,26,62,57,13,32,52,44,57,34,66,63,54,91,32,30,32,73,63,69,46,47,38,58,71,66
3,64,64,34,35,35,49,64,67,31,63,63,53,54,45,81,82,68,78,59,81,41,51,65,70,54,41,45,62,55,67
2,63,60,39,12,29,45,59,59,38,60,59,57,61,49,83,92,72,80,52,61,55,61,67,64,55,59,32,38,46,66
3,65,66,28,29,35,68,64,67,25,72,66,53,55,34,67,73,65,70,92,88,92,58,70,65,61,58,51,67,64,66
3,63,70,12,12,17,35,68,75,14,47,44,29,58,38,56,55,59,60,72,57,73,55,66,67,49,35,30,61,44,65
3,60,67,27,28,24,58,70,65,44,59,58,61,57,43,77,73,70,63,67,75,65,56,58,62,59,37,32,59,56,65
3,62,63,18,20,21,33,60,63,20,51,55,55,61,45,67,74,53,87,48,50,72,55,72,63,44,48,38,40,44,65
4,71,71,22,24,38,57,55,64,24,56,51,56,57,47,86,83,60,49,62,75,62,53,62,66,54,45,32,50,54,65
4,65,66,12,14,20,44,52,66,18,50,46,60,53,45,91,92,60,76,64,83,62,63,69,65,54,37,35,61,60,65
3,68,70,18,24,23,41,65,51,22,58,63,58,63,53,82,81,60,59,75,80,63,61,66,66,56,55,41,60,58,65
3,64,68,22,20,21,56,62,61,24,46,54,64,54,36,88,85,75,63,75,75,66,39,65,63,55,63,34,55,58,65
2,65,58,13,14,11,45,58,67,12,50,47,50,64,56,65,64,59,66,59,59,72,68,65,65,61,46,40,62,55,65
3,64,71,26,36,41,34,59,57,44,62,45,50,67,56,81,81,64,62,73,82,51,58,61,64,64,51,37,56,47,65
2,57,55,27,18,17,38,66,69,45,53,54,26,55,36,70,68,72,66,55,61,71,64,66,68,48,49,30,63,55,65
2,61,63,22,26,32,56,67,63,29,52,55,43,58,49,79,75,87,65,62,71,70,58,66,66,60,52,47,67,63,65
4,68,69,11,12,17,53,58,59,36,63,61,61,64,65,68,68,55,57,60,73,53,54,62,59,63,68,62,58,63,65
3,61,59,24,25,30,65,66,67,27,67,62,53,59,55,47,54,55,59,50,56,47,67,72,66,64,64,63,74,64,65
3,58,63,37,44,38,56,54,62,44,56,38,56,64,49,75,77,64,63,62,66,71,63,67,65,57,58,45,65,62,64
2,62,59,16,12,21,52,57,55,16,49,44,59,59,42,70,69,59,83,55,57,72,62,75,63,61,65,74,62,51,64
2,68,65,15,20,21,52,53,65,31,67,52,63,64,55,73,71,55,61,70,73,66,60,53,58,54,56,31,67,41,64
2,57,58,18,16,18,44,50,66,23,45,49,28,45,22,49,55,74,90,36,54,52,72,65,69,59,58,34,62,60,64
3,64,63,31,26,37,65,63,64,37,57,64,67,63,51,76,77,81,71,66,83,83,65,61,58,40,51,36,58,64,64
3,66,64,34,39,44,74,57,63,50,68,66,59,66,47,74,77,61,77,46,64,52,53,67,57,52,44,40,60,50,64
2,54,61,22,17,22,46,56,60,43,63,48,59,57,52,68,78,64,78,66,71,87,69,62,64,59,53,36,58,57,64
2,58,57,18,41,45,84,59,67,33,62,61,32,52,32,67,69,91,82,65,60,71,66,62,63,57,37,34,65,61,64
2,60,55,19,21,22,53,66,67,26,56,48,39,55,28,50,54,60,82,53,57,76,66,68,60,62,34,33,60,58,64
2,61,54,27,24,23,64,62,69,28,59,57,57,62,35,65,68,70,82,57,49,62,65,67,62,34,27,29,60,55,64
2,65,63,21,26,30,84,77,65,22,54,68,41,49,35,77,78,70,64,80,81,87,64,51,63,46,42,37,55,48,64
2,58,68,15,20,21,73,56,60,15,44,53,32,51,39,61,64,64,70,57,59,81,62,68,65,61,45,60,61,52,63
2,60,60,19,11,16,29,62,60,28,58,63,48,54,45,73,74,64,74,53,70,82,66,60,59,50,49,43,58,56,63
2,57,53,36,24,38,68,65,61,25,57,59,48,57,41,60,67,68,70,56,56,61,62,68,64,63,53,59,63,62,63
3,64,65,38,37,30,43,52,57,28,59,61,55,65,62,68,76,60,36,86,88,60,38,63,43,55,63,62,46,60,62
3,57,56,16,23,14,48,65,64,18,52,55,42,51,43,70,69,56,57,65,61,67,59,56,66,55,47,30,64,55,62
2,55,53,16,21,17,39,62,63,17,50,57,41,52,38,66,55,61,70,61,66,73,71,58,62,57,42,39,75,52,62
2,58,60,13,13,16,30,50,54,36,58,47,30,47,32,80,78,59,72,61,74,61,61,74,61,59,38,30,66,54,62
2,61,63,42,42,48,37,52,60,36,52,54,47,62,56,76,69,60,62,62,59,68,58,64,63,54,40,27,63,43,62
3,58,54,19,20,22,67,50,59,14,33,43,51,54,43,67,69,64,71,50,63,57,68,65,64,53,54,47,59,58,62
2,61,43,29,22,24,63,65,67,31,54,71,29,47,25,30,34,91,91,56,60,84,74,71,61,58,46,23,59,62,62
2,57,63,24,20,27,55,56,65,28,56,67,37,45,39,52,56,48,80,59,47,64,59,68,64,61,41,39,66,57,62
2,58,57,27,25,33,70,69,67,48,61,66,58,55,45,72,68,74,70,73,71,71,58,64,54,56,56,52,64,61,62
2,52,57,11,12,13,27,55,61,17,65,50,34,52,38,64,64,54,56,69,62,70,68,56,67,45,44,28,57,55,61
3,59,61,22,23,17,36,52,66,22,62,50,50,48,31,60,59,62,52,69,58,76,63,66,65,62,47,64,56,61,62
2,62,64,19,27,32,67,46,60,34,59,63,59,48,42,73,78,74,54,74,69,78,29,60,62,58,58,60,63,59,61
4,65,59,35,39,42,35,55,61,26,58,58,62,60,53,73,84,62,43,73,76,52,47,65,59,52,57,60,63,56,61
3,65,67,23,19,18,58,56,58,29,62,53,60,56,49,72,69,63,72,69,71,49,48,57,62,53,49,37,37,45,61
3,63,54,18,23,24,54,63,64,23,53,50,44,49,36,88,90,68,57,74,76,90,52,65,65,60,53,38,56,42,61
3,63,62,29,32,30,61,63,63,42,64,57,63,64,59,73,79,70,60,74,77,60,48,61,60,66,65,65,51,57,61
2,59,54,21,20,19,56,54,64,34,53,58,35,41,22,65,68,61,65,80,62,70,59,60,67,54,60,35,58,58,61
2,56,50,48,39,46,60,64,60,50,58,61,50,57,44,52,56,46,73,50,53,70,63,59,65,56,48,37,63,68,61
3,63,59,22,18,23,34,55,49,21,49,51,38,58,40,79,78,55,43,69,66,56,57,58,65,58,49,42,72,47,60
2,57,57,13,13,18,37,55,63,17,50,47,39,48,35,84,81,62,64,69,75,59,51,54,60,51,40,33,48,47,60
2,58,57,13,12,18,72,58,56,19,54,53,32,56,45,63,68,65,88,50,43,71,58,59,57,47,37,32,56,45,60
2,54,47,24,20,24,61,47,60,16,40,49,23,43,31,61,63,64,82,41,40,58,66,61,62,48,32,29,54,57,60
3,56,49,29,13,16,38,47,59,23,23,64,36,52,34,69,65,60,70,64,65,56,59,65,60,53,38,31,62,61,60
2,61,58,35,27,38,49,61,70,22,48,49,46,62,50,57,61,70,53,75,72,69,48,70,51,55,45,54,53,43,60
2,65,68,25,27,30,55,54,52,12,57,52,51,56,46,77,76,63,56,61,77,66,51,54,59,55,44,32,44,54,60
2,57,59,35,32,36,68,57,61,42,54,46,48,55,55,70,68,70,60,65,81,63,54,51,60,58,59,57,61,47,59
3,57,55,20,18,22,56,54,55,33,62,50,32,55,43,72,70,70,64,63,72,76,54,61,61,46,51,41,62,47,59
2,58,53,21,18,21,38,56,56,24,51,52,40,50,42,52,53,52,57,55,58,67,63,62,64,61,44,40,71,44,59
2,61,58,18,16,23,45,55,50,23,42,45,38,55,49,47,64,55,83,54,65,56,67,55,59,52,33,34,49,43,59
2,54,57,13,19,26,50,54,61,26,55,47,47,46,38,84,86,65,66,71,72,70,54,55,58,50,34,27,58,33,59
2,55,54,15,16,17,37,51,59,12,48,53,38,42,33,68,65,64,62,64,63,61,56,52,63,53,36,56,57,50,58
2,47,58,17,14,10,25,53,58,14,40,49,31,44,33,75,74,52,55,77,65,72,59,54,58,49,30,34,64,42,57
2,56,43,16,19,23,40,54,57,23,48,52,26,44,28,63,65,64,67,66,63,72,61,54,58,47,35,24,58,48,57
2,60,58,51,48,52,58,44,50,48,46,51,33,51,49,70,72,61,75,52,65,64,58,59,55,49,41,45,59,28,57
2,44,51,16,13,12,34,52,48,10,48,48,31,39,29,50,59,55,60,63,56,62,58,52,71,58,42,29,61,47,56
2,56,53,12,16,13,29,52,55,16,50,49,33,47,31,53,65,55,42,65,59,63,54,52,56,49,43,32,51,40,54
4,91,86,30,38,45,78,93,92,41,84,83,77,83,64,88,77,89,76,60,86,69,77,87,94,86,86,84,85,88,92
3,87,85,25,19,42,80,88,89,39,78,87,62,83,65,79,82,79,84,79,78,84,85,86,91,82,77,76,81,86,90
3,79,77,31,32,33,77,85,86,40,59,81,55,70,49,79,85,73,76,63,77,78,75,86,86,76,70,51,76,81,82
3,80,78,33,24,36,60,74,76,31,75,68,68,73,63,76,78,84,81,64,66,72,71,80,78,77,69,64,72,73,78
3,66,67,30,25,32,71,65,66,41,57,60,53,69,63,79,76,70,82,55,66,72,64,71,69,59,58,43,51,50,69
4,86,89,30,35,39,80,87,86,42,82,82,80,80,73,88,84,85,72,87,90,85,70,84,85,81,78,78,77,83,88
4,88,88,30,40,40,59,80,81,36,81,75,77,80,74,93,87,76,42,92,94,60,35,80,77,81,80,77,78,70,85
3,75,79,25,19,20,51,76,77,32,65,67,72,71,60,90,91,70,65,70,83,71,68,78,80,65,71,71,79,72,77
3,80,80,24,27,45,82,85,89,48,77,81,70,75,50,76,79,90,74,59,82,88,88,85,85,78,75,74,84,84,86
3,76,76,15,32,23,79,78,85,31,61,75,42,68,42,80,82,84,85,75,79,83,81,81,86,67,64,56,77,80,81
3,78,75,25,13,23,72,73,82,33,53,75,48,69,40,76,77,68,91,48,72,72,88,86,81,70,53,52,62,75,81
3,77,72,12,25,33,61,75,83,28,66,75,56,72,51,74,75,69,76,71,71,74,77,79,80,74,66,47,70,74,79
3,83,79,28,34,39,93,85,88,40,74,84,65,67,52,76,78,85,91,52,58,64,82,84,89,72,62,59,76,82,86
3,79,76,27,30,30,72,77,85,27,70,84,68,71,68,81,89,80,93,48,62,71,83,88,87,76,64,66,80,76,85
3,80,80,12,14,16,68,82,87,34,66,80,60,72,50,83,83,74,76,75,78,77,76,78,88,70,72,58,79,82,83
4,83,87,30,42,64,64,81,84,37,83,76,72,83,76,79,79,86,76,81,82,81,73,79,82,80,80,67,72,78,83
3,79,76,22,25,29,59,82,88,26,72,81,62,70,55,86,79,75,58,84,81,85,82,76,87,69,67,52,76,79,82
2,75,74,20,20,24,72,80,84,20,62,85,62,69,50,68,75,69,86,55,64,76,83,82,84,78,68,36,74,78,82
2,74,69,43,23,30,65,70,83,38,75,71,52,72,67,68,70,74,76,65,62,72,71,75,83,66,65,56,71,67,76
3,68,70,17,12,31,79,77,82,29,59,69,69,69,58,74,77,91,81,63,74,73,67,80,76,73,62,50,66,73,76
4,72,77,17,19,20,59,68,81,22,55,65,49,64,43,84,83,76,78,68,84,83,74,74,76,66,56,56,71,62,76
3,85,84,12,18,22,50,86,92,20,70,84,68,73,59,79,81,73,85,69,75,77,80,86,92,80,74,62,70,88,89
4,89,89,13,12,20,57,88,91,24,83,90,70,79,63,92,86,74,73,90,86,80,68,87,90,84,82,72,80,85,89
3,80,72,25,18,30,65,71,76,29,73,78,58,72,48,75,79,77,90,48,74,82,86,85,79,76,60,67,77,74,81
3,78,71,25,19,15,75,76,83,30,79,70,61,71,55,69,73,83,93,37,50,60,88,79,78,66,65,60,77,72,79
2,76,72,20,22,24,58,74,78,20,47,73,44,64,38,69,78,69,90,58,65,79,78,86,81,64,46,64,64,76,78
2,72,69,13,20,22,76,74,83,24,65,77,58,69,64,75,77,79,77,58,63,74,80,77,82,69,50,49,65,76,78
3,83,76,20,25,26,75,76,78,34,60,78,67,70,53,65,66,64,82,58,65,68,67,85,79,80,68,80,81,77,78
3,76,74,13,15,34,72,78,80,31,61,74,64,70,60,74,73,74,80,66,76,80,82,80,78,73,72,73,82,76,78
4,77,78,33,18,27,62,79,83,24,74,72,73,76,62,75,78,67,63,69,76,72,68,75,79,65,68,70,75,67,77
4,73,76,34,38,45,83,75,78,47,70,77,69,71,63,77,77,79,82,61,76,74,72,79,77,75,67,41,73,75,77
3,75,68,27,19,30,67,74,78,37,58,72,49,65,59,68,64,69,83,81,62,79,77,78,79,70,59,59,86,69,76
3,70,74,39,42,32,72,76,78,39,72,75,68,74,69,79,82,86,75,64,69,90,77,76,72,67,73,52,72,75,76
3,78,74,20,19,24,52,67,73,21,68,74,42,68,54,73,78,63,79,67,68,72,68,85,75,77,67,70,71,68,75
3,70,75,15,13,20,60,70,71,40,38,65,64,66,62,87,86,73,74,77,78,83,70,72,79,64,67,62,72,68,75
3,74,74,19,21,29,59,74,74,24,57,74,46,65,47,87,85,71,80,68,84,74,73,73,73,68,78,60,81,74,75
3,75,74,41,33,36,82,69,74,47,78,76,59,69,63,82,85,78,66,77,79,87,70,73,75,69,68,75,69,68,74
4,73,75,24,23,22,62,68,76,28,65,73,67,65,53,82,85,75,46,81,82,70,70,76,75,70,66,69,67,67,73
2,65,63,25,26,23,79,69,71,28,53,61,52,64,52,84,88,77,77,73,79,78,67,78,72,60,45,53,71,61,72
2,63,63,18,25,26,50,62,63,33,58,56,45,54,38,82,79,74,63,79,77,77,64,62,61,60,53,39,68,62,65
2,62,61,11,17,16,27,49,65,11,44,45,29,45,28,59,61,80,61,54,56,60,66,54,71,60,37,28,64,45,62
4,90,87,15,27,41,84,85,86,20,83,91,76,84,76,69,74,75,93,41,86,72,80,93,90,88,82,82,91,93,90
3,82,82,28,36,25,45,87,89,48,77,79,77,77,64,95,96,79,77,69,80,77,79,81,88,79,78,74,82,86,87
4,86,82,13,12,15,65,83,87,22,85,82,75,86,47,79,82,74,78,60,77,70,78,83,87,77,79,73,82,79,86
4,84,85,23,30,42,70,85,87,40,77,86,70,80,68,84,87,80,79,84,87,78,76,81,87,74,74,78,84,82,85
2,79,75,17,21,21,35,83,89,22,64,76,46,73,54,78,80,72,76,76,75,90,84,81,89,70,58,45,78,81,84
3,80,79,46,49,44,82,85,86,23,73,87,54,71,52,69,71,66,82,57,53,93,94,83,85,80,61,54,77,84,84
2,79,75,11,16,28,51,78,87,50,70,76,63,72,59,68,65,72,82,42,58,66,80,86,86,69,65,54,70,75,82
4,85,82,22,38,28,67,82,86,29,71,83,71,74,67,75,72,73,66,75,76,67,66,80,86,76,83,80,88,78,82
4,85,81,16,20,22,70,62,76,30,70,64,68,72,52,76,78,60,85,50,69,75,66,86,83,74,78,78,92,74,81
3,79,74,22,28,32,70,85,90,42,66,78,60,72,48,69,78,79,78,58,69,68,80,78,85,68,64,54,70,80,81
3,77,75,22,23,41,80,76,81,51,72,80,72,73,68,75,72,72,88,60,66,70,80,84,82,80,77,70,78,80,81
3,78,78,33,39,39,70,76,79,36,78,79,75,77,64,79,77,67,77,72,69,65,65,92,82,81,80,75,83,89,81
3,79,72,36,32,34,78,76,80,32,64,67,53,75,66,64,65,65,88,57,67,79,83,85,81,77,68,69,80,81,81
3,81,83,11,14,12,50,87,86,37,74,70,60,69,45,80,77,75,61,77,87,76,73,77,84,78,72,69,76,72,81
3,77,78,24,11,20,63,80,87,19,67,84,54,68,43,78,77,73,62,88,83,74,68,88,87,81,63,68,71,83,81
4,80,80,20,35,39,75,79,83,39,75,84,69,76,71,73,75,68,70,74,79,85,73,85,84,75,78,72,85,80,81
3,84,80,18,20,24,57,75,78,18,72,71,70,74,64,79,79,69,76,56,74,76,73,87,81,89,78,82,72,73,80
3,78,77,26,24,28,67,74,83,32,75,73,56,77,62,86,85,74,75,66,75,67,70,80,82,74,78,64,74,79,80
4,88,85,26,30,32,50,76,80,30,78,80,72,78,64,78,81,69,75,69,80,70,68,82,80,82,85,72,80,79,80
4,83,79,59,72,71,82,73,77,67,76,80,75,80,77,75,73,70,86,58,77,85,74,84,73,77,81,71,67,83,80
3,76,72,20,22,35,82,84,85,30,73,79,65,76,47,54,64,68,79,59,66,72,82,80,85,66,73,56,77,84,80
3,76,73,27,38,52,81,83,84,51,67,86,62,62,53,81,79,87,75,69,79,79,76,79,79,74,54,55,74,77,79
4,76,71,35,34,33,67,79,77,43,70,71,66,69,64,79,76,81,83,74,74,75,77,84,80,76,69,74,74,67,79
3,77,76,28,36,36,78,69,83,34,66,68,52,65,45,77,78,69,80,68,77,85,80,82,80,76,68,56,80,76,79
3,79,76,29,35,37,65,80,81,40,63,73,54,73,46,64,68,66,86,51,59,56,75,83,82,78,63,71,80,75,79
2,78,72,24,32,24,79,74,81,28,65,75,61,63,46,72,77,66,87,53,59,75,78,85,80,73,40,38,78,74,79
4,77,80,34,37,39,65,80,78,29,74,81,46,74,65,90,92,84,67,70,70,83,73,79,79,75,79,71,79,78,79
2,77,67,15,15,25,71,80,85,25,70,84,44,71,49,52,57,63,91,33,40,56,90,79,78,64,57,40,70,80,79
2,76,72,39,35,32,52,76,79,38,69,82,61,73,46,66,70,66,85,58,59,73,81,84,80,75,61,62,83,79,79
3,76,75,47,44,45,80,75,80,49,72,76,65,70,65,83,77,83,77,73,79,82,76,75,81,68,75,58,70,74,78
3,79,73,26,22,42,66,82,85,42,63,65,65,69,61,60,67,77,80,65,68,76,80,73,81,67,55,47,63,79,78
4,86,83,29,27,36,52,74,77,40,83,75,76,78,68,75,74,74,58,84,87,81,75,80,78,82,86,76,77,82,78
3,75,78,21,24,51,86,75,76,27,64,72,75,73,59,69,76,77,91,78,66,82,74,85,77,72,78,71,68,76,78
2,74,67,42,43,46,85,77,76,45,65,78,64,65,56,69,65,75,92,50,62,84,91,85,77,78,53,42,73,74,78
3,75,74,23,28,33,58,77,78,43,65,78,68,69,55,78,83,72,75,68,75,91,86,76,78,64,68,48,72,73,78
3,77,78,18,25,33,72,72,82,40,72,76,57,71,45,76,73,75,79,82,76,77,76,80,79,73,68,38,85,72,78
3,73,72,16,15,14,52,73,75,23,56,51,57,65,58,81,81,61,72,77,79,56,77,85,76,77,61,55,56,72,77
3,81,75,15,24,25,62,73,77,33,56,46,65,68,49,79,78,65,68,81,87,72,62,80,84,77,83,81,70,74,77
3,73,74,25,27,27,64,75,77,28,69,70,61,68,65,78,84,74,71,66,76,88,75,81,74,80,67,57,66,71,77
2,77,73,42,41,41,41,81,80,40,58,61,61,71,56,69,66,70,68,69,70,72,72,76,81,68,70,56,73,74,77
2,74,76,18,24,19,76,80,76,29,64,72,45,63,44,74,75,68,83,61,64,92,79,79,75,64,66,54,75,75,77
3,76,65,33,27,30,47,78,86,41,43,79,55,73,63,67,65,74,64,60,79,79,80,75,82,72,55,54,78,77,77
3,76,72,12,20,22,62,70,84,20,58,76,56,68,42,76,78,68,68,76,76,82,76,78,82,60,68,51,69,76,77
2,77,69,39,37,40,50,76,82,25,73,73,67,77,58,55,65,76,80,57,64,83,90,80,74,68,68,65,58,78,77
3,76,73,22,24,27,52,81,77,41,70,78,69,69,62,76,71,74,67,69,74,51,69,81,78,80,75,78,80,79,77
2,74,68,16,24,28,50,74,84,25,60,78,50,67,45,68,69,68,78,65,72,85,80,76,80,58,65,46,70,77,77
2,76,69,22,33,35,70,74,82,23,65,72,57,70,61,64,66,67,81,55,62,78,84,74,81,66,60,53,75,65,77
3,73,72,43,41,46,69,75,78,42,80,74,71,79,71,73,80,74,78,65,81,81,79,77,77,69,67,66,69,79,77
3,74,72,23,19,25,70,75,76,31,75,84,58,72,55,68,71,64,82,52,65,76,78,79,76,68,69,44,79,78,77
3,74,66,21,36,39,82,79,80,34,55,67,57,64,46,73,79,75,73,49,73,85,81,76,75,65,48,31,66,75,76
2,76,73,16,28,35,65,72,81,23,64,70,66,68,48,82,84,76,72,77,81,75,69,80,75,68,41,46,76,78,76
3,73,70,25,26,24,62,72,77,30,60,66,44,61,53,74,75,73,91,31,60,34,77,77,79,72,66,53,78,65,76
4,77,73,29,37,40,65,76,80,36,72,80,56,61,49,79,77,73,76,80,79,72,66,72,80,63,73,72,74,71,76
3,73,68,21,15,17,83,77,80,19,56,80,49,68,59,50,53,70,92,50,41,68,79,81,77,69,56,48,80,77,76
2,73,61,11,19,40,74,76,79,23,58,74,50,69,40,64,74,67,84,56,54,65,78,79,80,69,38,44,55,74,76
3,73,68,33,40,39,64,78,82,48,73,75,67,74,68,62,62,85,60,73,74,70,72,79,80,76,72,70,75,83,76
3,75,75,28,33,38,54,71,75,44,69,72,69,69,60,77,80,77,70,75,79,90,74,76,76,72,74,71,74,71,75
2,74,64,16,20,22,70,70,86,20,58,78,50,65,40,67,69,56,66,78,73,93,88,68,83,40,63,40,85,80,76
3,76,71,25,19,20,43,79,77,20,64,73,42,65,56,68,77,64,67,69,78,82,73,75,75,74,79,60,74,76,75
3,75,72,32,31,28,67,70,74,33,61,73,65,61,56,76,74,67,75,60,69,72,70,79,76,74,69,63,71,70,75
3,74,73,37,39,39,61,71,75,42,60,76,55,67,60,73,71,77,73,67,74,76,74,77,75,74,69,74,71,75,75
3,76,69,14,23,22,48,76,74,23,62,63,49,63,53,70,74,72,73,68,74,73,77,75,76,75,46,40,70,63,75
3,71,69,12,13,21,46,74,78,35,34,76,59,62,52,86,83,66,61,80,84,71,68,73,79,72,50,75,73,68,75
4,74,77,21,19,21,68,75,75,26,67,68,57,64,50,84,83,78,74,80,81,75,70,75,76,63,81,79,69,72,75
3,67,71,18,16,35,55,73,80,41,70,67,35,61,34,69,73,73,92,31,38,54,80,74,75,69,40,36,78,69,75
3,75,73,20,24,20,68,69,73,23,63,70,67,68,52,75,72,76,82,69,73,71,70,83,76,75,37,75,75,73,75
3,73,65,15,23,28,78,75,78,30,55,67,27,64,49,51,58,63,90,37,49,42,82,85,76,62,51,47,83,77,75
3,76,74,28,28,33,60,78,75,32,60,67,58,61,48,78,76,66,64,64,75,85,74,74,75,66,76,63,74,72,75
3,77,62,31,20,26,70,78,80,23,74,78,59,76,63,47,49,70,74,29,56,34,83,75,75,70,57,50,74,80,75
2,75,68,19,25,29,49,71,83,21,62,75,51,71,41,62,55,54,74,60,69,80,81,71,79,57,68,53,71,77,75
2,70,62,43,40,35,69,70,75,42,61,54,60,66,59,77,69,69,83,54,63,77,78,78,77,65,52,41,65,69,74
2,73,71,17,20,20,81,71,79,21,55,77,22,56,27,78,69,69,90,52,57,55,70,74,77,44,44,34,54,57,74
3,75,74,23,22,24,44,65,77,23,49,64,39,56,48,78,79,75,73,63,75,82,71,73,76,65,49,33,71,63,74
3,72,72,15,13,20,72,68,75,21,49,65,58,64,35,81,79,69,78,64,70,63,68,78,75,65,43,32,66,40,74
3,72,72,15,15,17,37,78,71,24,56,59,60,62,36,87,89,72,70,70,78,81,75,72,74,56,46,37,72,60,74
3,75,76,32,27,37,33,61,76,19,66,48,50,76,63,78,81,75,73,71,78,82,73,72,74,60,70,35,67,62,74
2,69,71,33,27,30,72,75,75,34,61,66,64,62,57,77,75,69,74,72,69,61,66,86,73,70,62,75,66,69,74
4,74,74,17,19,23,64,72,71,34,38,62,63,62,47,92,94,67,71,73,89,90,60,85,72,64,50,45,56,64,74
3,73,71,21,17,22,60,68,78,25,65,70,49,67,52,85,82,71,76,69,70,77,66,68,77,67,68,57,72,70,74
3,76,75,30,29,29,60,68,73,28,65,70,67,72,65,77,78,70,68,66,77,68,70,76,75,73,70,50,72,72,74
3,73,75,28,29,41,60,69,75,38,72,65,73,73,65,78,81,71,73,71,79,71,63,78,71,73,66,67,60,58,74
2,69,66,32,29,30,71,68,75,40,47,69,41,64,48,62,68,72,85,50,51,62,75,80,76,71,63,54,74,63,74
3,68,64,22,39,41,79,75,78,27,56,56,63,66,51,64,60,77,81,49,57,66,82,79,75,74,56,46,80,64,74
3,74,70,22,26,38,51,75,79,46,69,71,54,68,62,65,64,66,74,71,62,71,72,69,78,68,73,51,80,77,74
2,70,68,32,31,32,71,72,76,25,68,68,47,64,48,69,67,68,80,60,57,65,77,77,76,75,56,60,78,70,74
2,76,64,21,19,20,72,75,73,34,48,74,50,58,41,77,79,76,77,70,63,79,74,73,77,61,61,37,71,69,74
3,73,71,28,33,35,59,68,83,37,74,84,70,73,58,67,69,75,70,67,68,76,80,71,73,69,68,67,68,69,74
3,76,75,29,23,29,54,73,80,23,69,66,58,72,55,58,51,52,83,60,71,80,78,70,75,66,54,60,61,69,74
3,72,70,29,23,21,66,70,77,50,66,68,30,35,22,78,86,74,74,60,64,70,74,81,74,79,62,56,77,69,74
3,70,71,14,12,15,90,74,78,42,69,73,56,66,32,75,73,74,81,77,80,86,73,72,75,52,60,46,75,63,74
3,68,65,24,27,37,62,71,80,36,63,75,52,63,46,59,57,68,78,61,62,80,79,79,78,68,61,58,73,74,74
2,65,58,26,29,24,72,87,86,26,57,70,56,58,44,46,32,33,75,52,50,74,81,74,83,70,54,66,78,70,74
3,70,69,17,19,22,56,69,75,29,68,78,74,69,47,68,67,63,76,64,69,72,78,77,76,68,53,43,73,74,74
4,75,77,21,26,24,42,73,74,31,56,65,66,66,57,82,81,82,62,68,86,57,63,73,75,66,57,56,62,66,73
3,74,70,39,45,44,58,77,75,37,54,85,57,64,55,58,56,43,84,53,59,54,64,79,75,74,63,72,72,73,73
3,68,68,17,15,14,44,65,78,13,65,70,39,56,30,70,73,69,75,81,67,65,73,76,79,67,58,60,73,60,73
4,73,66,23,24,33,43,68,72,29,61,64,56,64,47,71,72,67,76,67,75,71,63,79,75,75,74,75,68,72,73
2,70,67,31,23,26,87,70,75,25,61,64,49,72,52,54,69,71,82,42,67,70,73,75,75,60,59,49,58,61,73
3,67,70,15,13,18,53,67,72,18,56,71,63,63,45,79,81,58,73,65,78,82,70,76,76,65,65,57,70,69,73
2,71,66,17,17,19,46,73,78,36,56,79,46,62,57,70,68,69,78,66,66,80,68,80,70,72,32,46,82,60,73
2,74,60,20,20,18,73,74,80,26,59,69,45,63,38,72,69,69,83,54,54,51,68,74,74,59,32,35,64,57,73
3,71,68,20,18,23,39,60,73,15,49,65,32,63,52,86,79,59,70,71,75,80,71,75,76,63,55,40,64,59,73
3,75,73,13,16,14,44,68,73,22,57,74,50,68,41,77,83,64,78,63,74,80,67,70,75,60,53,35,77,67,73
3,69,70,11,16,12,64,77,69,26,63,62,58,68,47,75,72,76,73,68,71,74,69,69,78,67,64,53,80,75,73
2,68,60,26,25,34,76,74,72,40,62,67,29,69,43,44,47,79,88,40,50,75,80,79,80,72,37,46,75,70,73
3,70,67,18,14,14,78,70,79,14,50,69,52,58,31,78,79,82,64,72,74,78,62,80,75,65,74,62,69,64,73
3,66,63,15,23,24,62,69,69,22,61,67,58,66,49,68,78,74,83,38,58,73,81,73,74,63,46,39,68,68,73
3,68,66,39,39,45,69,67,67,65,48,51,44,58,45,79,78,83,74,60,70,68,65,82,79,75,55,54,75,70,73
3,73,71,30,26,27,48,71,79,27,42,43,39,61,37,68,69,79,76,72,63,69,67,68,78,69,56,52,64,67,73
3,70,65,23,33,41,80,75,76,32,63,81,43,67,58,68,74,70,65,69,64,72,75,78,74,62,66,50,65,74,73
3,67,70,16,18,19,71,68,78,18,58,67,42,61,39,81,78,76,80,74,75,85,66,78,76,54,59,61,68,68,73
3,76,75,29,38,40,66,75,73,54,52,77,58,58,50,79,79,72,41,69,69,73,70,78,74,66,63,53,61,71,73
3,75,73,32,26,31,59,69,77,34,57,67,62,64,54,77,76,72,68,58,73,65,68,71,76,67,56,57,58,63,73
3,75,60,54,42,40,73,75,70,26,68,67,52,67,62,61,59,77,89,67,54,70,72,76,75,72,53,50,75,72,73
3,68,73,20,15,18,38,69,77,29,59,61,49,58,41,63,69,60,74,59,59,62,67,74,79,59,71,53,70,72,73
3,66,70,41,32,37,49,77,80,44,58,62,65,69,58,75,74,63,67,77,76,73,70,72,69,73,70,59,71,71,73
3,64,66,15,25,27,79,71,66,22,58,64,62,61,42,88,87,78,82,59,70,80,78,81,72,63,53,45,70,69,73
3,70,72,18,28,21,74,70,74,29,65,72,50,57,47,76,81,67,69,67,79,72,76,75,73,65,66,57,77,64,73
4,74,79,39,35,36,34,69,68,31,71,71,68,73,60,90,86,72,57,83,84,56,42,72,70,70,74,76,71,66,73
4,76,77,22,27,30,73,72,74,33,71,72,65,69,66,78,77,67,64,79,75,70,51,79,71,77,81,73,69,79,73
3,69,68,36,21,25,53,69,74,32,58,59,67,58,42,80,81,80,74,63,75,77,67,80,75,72,57,54,78,68,73
3,70,67,27,28,36,68,72,74,29,64,78,59,66,51,54,63,59,83,48,55,70,78,78,72,61,62,41,77,73,73
3,66,69,34,32,42,76,68,71,55,67,69,51,65,53,77,85,77,80,65,75,82,72,80,73,70,66,64,70,66,73
2,72,56,30,19,32,76,74,82,41,69,73,49,61,44,33,33,71,91,34,39,54,82,83,77,66,55,59,80,74,73
3,75,73,13,14,20,50,75,83,13,65,67,53,65,60,38,47,60,64,78,78,47,71,77,76,68,71,68,82,75,73
2,68,65,28,39,36,72,72,73,44,64,75,52,65,57,55,54,30,89,52,55,79,77,80,73,71,64,64,75,67,73
3,75,74,25,27,29,31,70,74,28,64,65,60,70,65,68,65,65,75,60,70,71,70,75,71,69,80,69,75,72,73
4,72,82,37,35,52,62,65,71,41,65,72,63,67,60,90,90,70,62,76,87,83,56,71,74,60,51,29,46,59,72
2,67,62,19,15,22,41,67,72,22,55,67,37,63,41,85,81,65,78,58,67,72,73,71,73,62,47,42,72,44,72
3,67,63,30,28,38,59,61,75,51,61,66,60,65,51,73,71,66,59,61,64,75,70,76,77,72,68,61,76,74,72
4,72,75,41,26,26,40,77,74,37,54,40,66,62,44,82,81,63,45,87,88,66,65,72,70,65,40,65,65,68,72
3,75,74,25,32,33,45,81,70,45,68,70,73,76,70,87,85,80,42,88,92,74,67,61,73,69,84,60,71,77,72
3,68,69,16,20,21,35,51,75,18,43,70,40,48,47,80,70,75,85,70,65,87,80,70,76,60,56,60,63,65,72
2,73,60,23,26,23,71,64,73,34,52,59,30,60,31,46,63,80,85,51,55,77,81,77,77,55,36,37,65,63,72
3,76,74,33,34,42,33,75,76,44,72,48,48,75,58,77,78,68,53,76,85,61,49,66,75,68,49,60,63,71,72
3,71,69,14,18,20,62,70,75,20,62,64,54,62,49,84,78,74,73,72,69,73,62,74,74,62,59,50,68,70,72
3,71,70,19,15,16,44,68,68,16,66,58,57,67,63,79,79,70,74,74,75,58,77,73,69,67,55,34,70,73,72
3,72,76,25,17,28,45,67,69,17,61,60,56,65,53,78,68,66,62,63,72,68,60,75,80,76,76,53,59,71,72
3,72,71,28,26,25,78,66,71,42,60,80,60,68,50,69,75,42,83,59,59,66,66,78,71,63,66,52,78,79,72
3,69,67,36,32,36,55,73,74,48,59,71,59,57,48,85,83,64,80,78,70,73,62,70,74,65,71,46,65,62,72
3,71,64,26,15,27,77,64,74,20,58,76,59,63,45,70,73,61,78,74,67,75,66,84,72,66,64,65,74,75,72
3,68,73,22,19,37,75,64,74,36,64,66,57,60,55,73,72,73,72,69,67,72,70,79,72,70,67,53,73,72,72
3,73,72,23,48,37,68,72,73,28,70,64,68,74,62,74,76,75,72,70,75,80,68,72,74,65,57,58,63,61,73
3,72,67,24,20,17,65,71,74,38,67,68,49,68,57,67,63,33,71,75,75,72,76,68,73,67,56,59,56,53,72
3,74,75,23,24,19,60,70,69,31,67,59,67,74,61,75,77,74,39,82,82,85,70,75,70,69,71,72,73,64,72
3,68,65,29,31,32,69,74,74,25,69,69,57,65,44,74,79,65,66,66,76,74,71,75,73,61,51,49,83,76,72
4,70,77,25,23,36,43,71,74,31,66,74,63,65,48,72,67,67,75,72,69,71,65,73,71,65,55,42,68,75,72
3,68,68,34,23,36,67,78,76,34,71,71,59,67,44,86,86,85,56,74,85,73,66,63,71,68,64,45,65,67,72
3,69,67,38,23,35,52,73,78,42,68,79,63,64,48,69,71,57,71,69,72,75,68,72,70,64,50,57,75,69,72
2,69,73,23,18,19,53,69,74,42,55,65,55,59,54,74,73,81,73,67,75,67,74,65,76,63,69,65,65,63,72
3,76,66,18,22,30,84,62,79,20,61,76,47,65,45,61,67,54,81,60,71,89,78,70,71,61,66,62,78,72,72
3,75,74,14,20,23,62,73,71,26,60,57,56,64,49,79,79,66,61,76,83,76,65,69,76,63,49,50,69,65,72
3,70,67,21,24,19,66,66,78,41,63,72,36,57,47,66,72,63,85,66,68,81,73,74,74,58,52,54,84,64,72
3,75,79,25,19,28,56,75,71,23,68,68,67,69,63,84,86,70,56,76,82,75,60,73,69,66,73,48,60,69,72
3,69,64,22,33,25,69,70,73,37,52,70,47,59,44,53,64,59,73,57,61,76,77,77,76,63,58,49,76,70,72
2,71,62,41,35,45,65,66,85,45,60,68,49,67,55,72,61,75,79,69,74,75,68,67,73,66,59,58,62,67,72
3,72,71,29,33,28,70,71,76,31,71,72,62,68,66,71,70,49,69,75,72,80,72,68,70,68,67,66,76,68,72
4,74,72,35,25,35,28,59,71,28,66,59,74,67,67,71,67,40,71,55,68,65,59,80,79,71,69,59,80,59,72
3,71,68,35,46,36,59,65,75,34,58,39,51,63,57,63,66,62,75,66,64,80,72,78,73,69,54,50,80,75,72
3,72,73,22,22,23,34,72,72,35,71,72,56,64,45,78,71,75,71,64,79,70,67,71,73,68,62,52,82,73,72
3,75,74,30,36,33,60,73,65,37,66,71,57,64,58,66,62,65,79,57,67,64,66,73,71,70,67,68,70,75,71
3,74,69,15,18,18,70,63,70,44,54,69,53,64,57,81,83,87,74,68,74,82,64,71,68,59,45,54,80,67,71
3,77,68,23,20,23,49,59,69,22,50,43,60,65,61,70,68,65,53,65,63,70,69,73,75,76,65,58,67,76,71
4,75,73,28,29,25,42,82,77,26,65,79,40,61,43,86,85,70,32,88,93,64,61,62,71,63,76,64,59,75,71
3,71,73,27,37,42,62,66,64,36,68,69,58,67,36,75,78,66,71,67,76,73,71,74,72,66,36,42,70,63,71
2,62,65,14,12,18,49,60,82,14,48,49,33,44,35,47,50,60,88,34,50,50,81,75,79,58,53,33,75,63,71
3,68,70,29,27,30,56,69,72,25,57,73,42,54,44,69,68,70,71,60,74,70,68,74,73,66,38,63,76,68,71
3,68,65,28,32,39,62,71,72,41,51,51,51,64,57,74,77,74,71,64,76,70,75,70,68,68,62,63,66,61,71
3,73,74,19,26,21,60,54,69,18,67,65,56,60,42,80,75,73,83,73,71,72,69,76,70,67,64,49,68,62,71
3,63,64,22,23,32,47,66,70,30,62,55,57,58,60,69,70,70,78,39,41,53,73,74,75,68,56,47,55,63,71
2,67,65,21,15,23,54,65,67,20,57,68,59,57,56,85,87,72,70,62,75,78,68,79,70,72,54,46,64,74,71
3,69,69,19,16,21,56,71,70,34,60,56,68,70,45,70,71,71,68,76,71,77,71,69,72,65,52,70,61,61,71
3,71,70,25,35,48,67,68,74,56,66,70,63,63,43,85,83,83,59,80,81,73,62,67,70,68,67,65,61,66,71
3,69,63,12,16,21,56,69,72,12,52,62,50,53,41,66,69,74,77,51,59,67,82,74,70,56,29,52,56,66,71
3,68,62,15,19,22,67,70,69,15,42,67,40,55,45,72,82,74,87,59,84,93,69,73,70,59,60,58,68,68,71
3,68,68,11,15,15,45,68,73,20,57,61,32,61,54,76,69,69,73,63,71,70,67,70,72,66,45,33,62,62,71
2,65,62,24,17,35,75,68,70,24,54,62,40,54,30,61,71,76,88,45,46,59,77,76,73,62,41,45,70,68,71
3,68,65,15,34,38,61,65,72,24,56,72,56,60,40,75,67,76,79,65,78,87,81,80,64,62,50,60,73,68,71
3,73,70,22,28,34,67,69,68,27,66,76,61,66,60,64,67,70,77,55,67,74,73,73,71,63,69,45,76,72,71
4,73,72,32,29,33,63,64,73,31,55,67,45,61,55,72,70,75,80,51,54,60,70,67,74,63,52,43,55,53,71
3,74,70,34,28,36,46,72,71,33,66,70,64,61,53,76,78,62,64,73,77,70,59,66,74,65,58,54,65,68,71
3,63,63,13,14,13,78,69,72,33,44,72,49,63,32,62,68,65,86,58,57,70,72,73,74,66,57,55,74,73,71
2,70,64,17,16,17,48,69,73,26,37,53,39,65,39,66,63,56,71,61,60,34,70,70,77,70,55,60,65,60,71
2,67,60,26,24,34,72,69,68,43,66,67,51,74,51,51,62,71,87,34,43,67,74,76,73,62,60,51,71,65,71
3,66,65,30,34,33,64,71,73,33,59,58,59,61,56,72,74,85,75,68,63,72,65,76,74,67,64,66,67,67,71
3,75,72,12,16,18,53,69,69,25,59,69,60,65,50,86,91,77,72,70,81,84,60,61,69,64,66,60,70,68,71
3,68,65,15,16,17,80,69,69,45,41,66,68,76,66,69,53,32,75,74,71,89,72,76,72,65,62,66,79,59,71
2,65,62,36,37,30,66,75,78,45,63,78,61,64,56,48,51,49,80,61,63,78,81,71,74,62,65,62,68,66,71
3,70,64,17,23,33,66,70,69,22,53,71,51,59,39,76,76,68,80,62,72,88,70,74,71,56,52,26,75,66,71
3,68,66,21,34,26,83,73,72,55,62,75,49,63,55,62,69,80,75,72,70,69,68,80,69,73,62,63,73,75,71
2,71,61,21,32,33,53,69,73,13,64,75,66,72,65,44,53,68,76,50,65,61,75,75,71,75,71,73,77,73,71
2,72,61,13,15,14,36,71,75,15,52,70,38,61,34,74,67,65,71,60,72,90,72,72,74,51,60,48,75,70,71
3,62,77,14,16,13,62,77,76,15,67,58,32,58,47,70,77,59,44,78,75,68,50,66,81,68,42,39,65,55,70
4,71,72,31,31,31,41,72,77,31,54,61,58,52,50,61,66,54,71,61,65,72,72,68,66,67,68,56,57,60,70
3,66,60,17,20,38,67,64,78,15,49,62,42,52,33,51,52,57,87,47,43,63,82,73,69,56,51,35,70,77,70
2,69,67,21,21,21,62,75,71,16,54,64,46,62,43,68,74,64,67,69,70,81,77,72,64,62,47,38,68,70,70
3,70,55,18,24,21,49,61,71,25,50,62,25,60,49,64,65,64,74,61,62,74,76,73,74,66,43,25,49,68,70
2,71,72,37,47,43,43,59,67,35,58,49,62,64,60,79,81,73,76,69,76,66,69,70,69,64,65,45,73,62,70
2,68,67,24,17,26,54,59,69,22,43,58,32,59,45,67,73,73,70,44,63,62,76,74,71,62,63,31,63,65,70
2,69,74,35,27,26,39,73,76,42,67,65,58,56,55,77,75,74,59,90,87,74,55,68,73,65,63,54,69,63,70
2,67,67,35,25,29,68,65,74,41,63,68,57,63,57,84,85,74,69,78,85,75,60,66,71,60,66,54,67,63,70
3,68,74,29,33,34,39,70,75,26,62,48,63,64,57,84,79,58,58,79,84,60,57,69,72,53,61,55,67,59,70
3,66,71,15,37,41,69,66,71,32,65,53,64,63,59,57,68,68,77,56,58,64,73,73,70,59,44,34,60,66,70
2,67,61,22,28,39,79,64,68,42,55,67,54,62,55,66,71,77,75,71,67,73,70,76,72,67,63,62,62,70,70
2,64,60,18,18,19,75,68,74,25,51,67,48,53,36,67,54,80,77,65,64,72,69,78,75,57,41,34,70,67,70
2,72,65,18,16,29,58,67,65,28,52,65,53,57,37,62,69,69,87,32,52,67,74,72,67,65,46,48,59,61,70
2,69,65,33,32,38,68,69,71,56,67,60,52,62,63,71,71,67,73,76,71,76,70,68,70,66,58,56,64,63,70
3,71,70,15,16,19,55,67,64,24,57,70,59,64,54,68,77,71,85,62,70,62,69,69,71,60,61,50,53,60,70
2,69,68,27,25,24,81,70,68,42,58,65,62,66,40,67,71,78,81,56,63,74,71,76,66,61,53,47,59,70,70
3,77,65,16,11,15,74,66,71,26,60,58,56,54,46,82,78,60,69,77,87,86,58,80,67,57,59,49,60,77,70
3,65,66,36,32,33,54,64,69,23,63,63,63,62,61,77,78,75,76,68,72,89,66,75,69,67,60,63,64,63,70
3,70,73,29,34,37,76,73,70,43,59,61,48,68,40,84,84,78,62,58,73,45,68,78,68,69,68,64,75,59,70
2,66,65,15,13,38,79,68,70,24,50,69,52,54,48,68,76,72,86,58,57,68,71,75,70,60,45,47,58,62,70
3,72,66,30,23,28,57,72,76,32,67,57,56,59,58,76,72,73,66,67,70,80,60,71,69,63,65,63,64,63,70
3,71,73,12,19,15,28,68,69,27,57,57,66,65,54,78,78,68,82,45,69,62,66,63,66,58,34,42,61,53,70
3,72,67,25,22,47,34,70,69,28,52,66,40,58,45,55,47,64,76,52,68,75,76,74,70,69,60,52,73,68,70
2,64,65,24,21,23,61,65,70,18,55,63,47,63,49,62,65,67,80,67,65,70,72,75,70,64,45,43,80,64,70
3,64,61,31,32,38,76,60,74,36,56,67,57,55,32,75,70,66,83,68,71,74,69,75,70,71,66,59,71,71,70
2,68,50,15,17,18,78,71,72,22,24,67,42,62,40,66,74,78,75,70,62,67,74,75,70,54,54,24,53,56,70
3,68,63,33,29,41,69,61,67,37,73,64,54,70,54,47,58,68,90,32,34,59,78,75,70,71,57,54,68,73,70
2,63,52,32,20,33,81,82,79,45,73,76,51,67,34,52,53,71,86,45,48,61,73,79,69,51,63,45,64,60,71
2,71,66,35,23,32,70,56,73,20,56,69,56,56,38,76,70,59,70,73,77,71,70,70,72,68,62,52,77,66,70
2,69,59,46,36,41,72,70,67,28,70,66,59,64,62,53,43,45,82,58,50,90,79,77,70,68,58,73,71,73,70
2,67,63,26,21,22,33,68,74,24,58,55,58,57,45,47,62,70,83,76,74,74,75,64,74,63,42,46,66,62,70
3,65,66,37,34,39,54,63,70,28,60,61,61,61,54,50,50,63,76,65,61,82,75,71,77,73,58,58,77,66,70
3,68,59,37,37,42,60,84,84,49,65,83,59,60,49,63,59,75,59,80,72,72,49,63,79,70,65,55,71,59,70
2,64,56,23,20,27,73,74,81,16,68,69,35,48,38,53,65,70,80,53,39,73,74,75,71,63,46,31,72,61,70
3,71,73,16,18,24,48,67,63,16,56,65,51,56,36,83,80,73,78,59,73,65,68,66,67,53,38,42,60,54,69
3,67,76,18,17,22,54,62,67,19,55,65,61,59,43,70,78,84,81,50,65,68,74,62,69,51,49,21,57,57,69
3,63,64,23,20,21,59,65,64,22,64,61,54,66,40,68,78,34,91,31,53,81,72,74,69,50,40,29,61,57,69
2,70,61,12,13,13,44,63,69,16,49,61,30,55,36,58,66,67,92,33,34,80,74,70,67,58,44,30,62,57,69
2,70,64,13,19,20,56,64,70,21,57,69,31,53,42,73,70,74,79,81,72,71,73,63,73,59,35,42,67,47,69
2,59,57,22,26,47,81,65,72,20,50,73,38,51,34,53,55,69,87,36,46,49,76,78,71,66,37,29,70,60,69
4,73,69,41,21,33,42,67,65,33,57,61,52,60,46,91,88,67,69,84,89,65,56,66,68,56,45,51,61,52,69
3,70,67,24,19,23,51,68,68,19,45,65,43,58,54,76,75,70,62,71,68,74,71,66,70,68,67,67,69,66,69
3,67,59,16,13,11,53,57,68,18,58,60,44,63,49,63,66,42,90,32,48,31,72,74,71,55,58,59,61,61,69
3,66,65,17,18,21,36,69,71,21,57,58,59,60,47,76,75,56,47,82,70,90,75,67,70,56,51,40,70,61,69
2,68,61,30,40,43,72,59,69,30,46,57,46,60,49,52,55,78,85,51,66,80,79,68,72,65,63,49,67,70,69
2,74,73,32,33,38,61,55,73,24,51,51,52,60,57,90,93,64,43,78,87,71,63,67,70,62,52,42,65,61,69
3,63,63,62,65,67,83,68,69,65,69,70,72,64,63,77,83,90,75,71,75,80,71,65,67,62,64,63,70,57,69
2,69,66,30,27,32,55,67,65,24,63,50,53,59,55,77,77,71,73,64,70,63,64,68,70,60,43,46,61,62,69
2,60,58,29,31,34,59,71,69,13,51,65,42,53,36,64,67,72,76,63,67,71,66,77,73,64,62,45,63,65,69
3,65,60,16,14,19,81,60,71,19,50,67,34,53,36,82,82,56,86,77,68,81,54,78,69,63,50,37,72,61,69
3,70,66,31,54,46,55,56,69,30,54,46,62,54,36,69,69,58,83,64,72,81,67,76,69,64,37,30,63,56,69
2,66,63,17,11,18,51,62,67,47,47,67,35,53,34,66,75,55,79,34,54,34,71,76,69,59,37,58,45,57,69
2,63,59,21,18,27,54,64,69,35,66,41,39,64,43,69,72,60,72,57,69,81,70,68,71,60,48,49,68,76,69
3,57,65,17,25,27,78,66,65,34,60,62,58,59,57,71,82,64,86,44,62,74,65,75,69,65,70,45,64,62,69
3,64,48,11,12,13,60,55,74,28,41,64,41,58,31,63,71,60,78,43,34,65,79,69,74,73,52,32,70,51,69
2,70,66,15,11,11,44,72,69,13,47,42,54,63,48,64,65,71,72,55,71,69,64,69,68,62,50,45,65,61,69
3,66,70,22,35,35,64,65,63,38,42,68,67,65,65,85,85,82,62,63,79,73,53,70,70,71,54,62,42,59,69
3,67,63,25,29,16,60,69,62,22,54,65,48,63,47,62,68,66,66,71,70,73,70,74,74,67,61,52,73,77,69
2,63,58,23,25,34,71,66,68,40,60,68,58,66,34,57,70,75,90,65,60,84,74,77,66,63,53,41,70,61,69
3,67,74,31,28,25,59,56,67,25,54,58,49,55,52,82,81,64,74,72,76,74,73,61,67,62,62,33,64,51,68
3,68,65,16,18,21,63,59,61,21,55,63,36,61,23,66,68,68,88,59,63,76,69,69,68,64,51,31,60,60,68
3,65,67,16,18,18,45,62,63,23,48,49,51,60,49,83,73,74,62,82,77,77,66,75,67,64,57,39,68,65,68
2,65,62,20,18,21,62,64,61,15,44,60,43,54,40,79,81,79,80,64,85,72,64,75,69,68,46,40,67,62,68
3,69,61,15,12,15,64,62,71,24,50,65,34,48,27,65,68,65,74,55,52,73,67,76,68,62,53,35,62,42,68
3,63,66,27,22,30,29,59,67,17,50,54,44,47,33,62,63,60,75,49,57,43,75,71,74,65,41,36,66,57,68
2,65,63,14,20,15,51,63,69,20,58,64,34,62,50,53,64,67,81,55,67,74,71,66,74,61,56,34,67,46,68
3,60,57,27,20,22,41,71,70,26,55,69,55,54,48,76,83,83,62,72,79,90,73,65,70,56,36,26,71,60,68
2,62,65,26,19,21,58,63,72,23,43,67,48,57,51,71,76,73,77,78,68,74,69,69,68,55,59,45,61,64,68
2,67,61,49,39,54,61,71,74,47,69,60,62,66,61,81,83,71,71,70,72,61,52,72,63,64,64,50,58,49,68
3,68,72,22,23,19,62,65,65,22,63,67,55,63,53,88,92,75,61,88,94,71,57,64,64,60,63,48,57,60,67
3,68,71,18,19,20,52,59,64,22,46,68,43,56,31,65,73,75,74,56,70,67,65,73,67,63,70,49,61,61,68
2,64,64,24,36,46,82,62,68,32,59,66,51,63,50,78,76,72,79,65,71,83,72,70,65,49,50,46,47,63,68
3,63,65,21,26,38,70,72,67,36,58,65,65,63,66,75,69,74,69,74,84,68,68,70,65,65,67,41,70,71,68
3,59,67,18,23,18,75,70,61,24,54,42,56,51,50,79,84,74,68,77,86,70,66,73,71,70,50,49,70,64,68
3,60,63,31,35,38,82,65,63,22,41,41,38,51,42,77,74,64,77,76,75,85,72,66,71,63,44,45,53,62,68
3,66,63,27,30,37,64,65,69,38,48,59,54,59,42,59,65,67,78,52,65,77,71,70,67,59,57,42,72,66,68
2,61,64,48,22,30,60,70,69,46,54,55,60,60,54,83,86,76,70,75,85,81,62,65,65,60,40,31,68,61,68
2,66,60,24,11,13,64,76,63,23,60,65,46,65,31,49,44,74,84,53,68,62,78,69,67,65,51,40,77,62,68
3,66,66,34,33,36,75,71,67,34,66,64,59,62,58,78,91,67,62,74,78,64,64,69,61,63,43,46,67,60,68
2,63,68,15,22,23,65,66,68,32,59,81,57,66,47,72,70,74,58,72,68,74,59,71,70,69,64,52,65,68,68
4,63,68,42,48,38,66,62,68,44,53,58,41,53,49,72,76,75,56,61,71,73,66,64,72,67,47,48,55,72,67
3,66,63,18,17,11,38,57,68,26,55,61,32,69,52,78,69,61,73,57,62,69,66,62,68,57,38,32,67,53,67
3,66,64,18,19,20,59,65,67,18,58,64,53,60,46,76,77,73,61,68,69,59,64,68,63,63,39,37,69,57,67
3,69,63,18,21,14,43,68,69,12,49,53,41,57,39,66,67,59,74,78,54,64,64,66,65,50,42,57,66,62,67
2,58,51,44,42,45,42,64,74,41,55,66,54,61,50,57,61,58,73,38,60,61,77,67,71,58,55,46,62,63,67
2,62,65,25,21,17,40,57,67,21,47,59,47,57,38,55,60,72,87,55,56,85,71,67,70,62,34,31,63,59,67
2,66,64,22,21,23,68,59,72,13,50,57,33,59,42,75,79,65,76,69,64,66,67,59,65,55,45,43,72,52,67
2,66,62,17,21,14,33,54,74,17,51,62,51,60,35,73,75,75,73,70,71,74,64,70,65,65,47,40,64,43,67
2,68,65,19,30,28,60,66,68,26,62,64,58,64,59,65,65,73,71,67,59,74,67,69,63,60,60,61,62,69,67
2,58,57,50,39,58,58,59,71,61,55,66,33,64,54,69,68,73,74,58,68,70,63,68,71,55,35,32,43,68,67
2,61,64,14,15,14,35,54,75,12,50,45,33,43,32,77,74,58,76,66,70,77,73,59,74,50,43,32,63,39,67
3,61,61,20,22,23,52,50,69,24,39,53,52,56,47,63,68,65,88,53,65,70,74,67,69,58,47,47,55,59,67
2,67,65,18,16,30,48,72,79,31,55,69,32,48,32,67,69,73,62,83,76,71,45,57,78,62,47,49,43,62,67
3,60,62,14,22,19,54,72,70,15,52,56,53,60,57,70,65,72,68,72,65,71,66,70,67,62,54,55,68,62,67
3,65,61,19,17,21,45,61,70,42,49,67,29,51,31,73,63,62,85,57,73,56,69,67,68,54,63,58,60,60,67
3,65,61,18,18,19,56,51,67,23,57,55,34,61,52,73,72,75,74,70,76,65,69,63,71,57,52,53,65,56,67
3,66,62,11,13,16,48,64,72,15,53,58,49,60,56,67,65,68,74,65,57,64,74,63,63,62,51,52,60,58,67
3,70,70,20,28,31,63,65,71,33,71,74,61,62,58,65,67,68,69,75,74,65,50,63,69,65,60,66,73,61,67
2,59,62,19,18,19,56,52,69,19,59,65,39,61,47,79,66,67,64,68,68,74,69,75,65,59,66,45,67,55,66
2,58,54,13,18,12,40,70,70,19,45,69,43,56,40,60,55,62,81,40,57,51,72,67,69,53,43,26,63,60,66
3,65,56,12,15,12,32,59,65,10,59,54,28,48,28,77,82,67,62,68,70,65,57,66,74,54,50,32,61,58,66
3,66,65,25,27,20,26,67,67,15,64,52,70,68,67,62,60,56,58,78,56,48,39,45,55,35,37,32,53,36,66
3,64,61,22,24,26,53,65,70,26,54,47,55,63,58,70,65,61,62,67,67,57,61,62,68,59,51,44,57,53,66
3,66,64,19,20,17,33,58,64,17,56,48,29,58,36,73,69,65,68,61,61,58,66,62,68,60,49,29,69,57,66
2,64,64,39,41,39,56,64,63,51,51,67,55,56,51,77,80,71,66,70,70,81,62,68,65,58,58,49,60,55,66
2,60,54,12,19,22,45,67,69,18,54,61,32,53,40,64,72,64,71,56,61,66,69,75,63,56,40,44,62,59,66
2,64,62,16,34,39,75,51,65,19,50,46,33,63,51,86,87,66,60,64,83,62,59,64,67,60,58,31,61,60,66
2,61,58,18,13,15,50,56,67,16,40,48,41,57,43,72,79,63,81,71,48,67,63,70,65,60,31,26,63,33,66
2,64,66,21,19,18,33,64,66,19,53,62,59,56,37,66,70,63,64,62,66,73,65,70,67,54,45,39,63,59,66
3,64,57,20,20,23,50,62,67,28,43,61,29,59,58,67,64,85,74,55,63,87,72,64,67,58,58,59,63,63,66
2,62,64,16,29,38,69,67,59,17,58,61,42,52,35,81,83,58,73,63,66,64,59,69,64,61,63,32,51,58,66
3,62,62,18,11,12,33,58,65,11,59,39,42,51,33,71,69,64,66,75,72,53,60,70,73,64,51,43,71,70,66
2,62,60,25,25,40,65,57,63,24,53,48,32,59,41,62,68,79,86,50,57,65,69,67,68,59,42,22,49,46,66
3,61,65,20,22,27,57,67,69,25,60,57,44,58,47,87,86,75,58,76,87,72,54,63,63,57,49,32,58,60,66
3,64,70,15,35,49,70,61,65,51,66,49,59,65,53,72,80,68,65,59,75,58,57,70,66,57,60,54,66,57,66
4,68,71,42,39,34,61,65,65,40,65,69,58,61,57,79,74,68,55,85,90,78,57,70,60,71,76,69,62,61,66
2,62,67,12,17,19,49,57,63,14,50,66,36,47,43,78,77,65,79,80,70,71,66,69,66,59,49,37,64,47,66
3,63,66,20,25,24,62,60,63,41,49,56,53,55,43,80,81,68,71,74,83,71,59,69,62,66,59,61,63,68,66
3,62,65,38,40,45,63,62,69,40,55,68,49,55,55,76,75,82,71,57,67,59,64,67,63,63,49,40,56,62,66
2,61,63,15,18,19,64,64,62,32,46,63,35,46,49,70,73,81,82,54,70,83,68,66,67,62,61,61,64,62,66
3,64,63,13,13,12,37,71,69,11,49,35,59,56,51,81,81,60,58,72,78,73,53,67,62,60,57,65,60,68,66
2,64,62,14,13,26,68,66,67,24,62,71,47,65,38,33,36,67,90,30,35,32,79,70,65,62,47,49,68,67,66
3,64,67,24,33,38,71,61,66,25,49,53,58,62,48,74,77,58,70,65,66,76,52,70,64,60,57,63,67,60,66
2,43,45,45,39,49,88,70,76,48,33,65,43,44,34,33,38,68,93,20,24,34,84,78,68,63,46,55,65,62,66
2,61,62,17,22,37,91,60,68,46,42,69,44,54,35,69,66,55,71,77,64,82,50,77,72,68,68,40,60,69,66
3,64,61,12,15,14,35,59,68,11,42,55,43,54,45,65,72,58,55,58,55,67,59,63,68,65,50,51,55,64,65
2,59,58,25,23,27,66,54,63,23,54,46,27,48,27,63,75,67,81,50,55,64,75,69,64,59,36,32,63,56,65
3,62,61,16,11,12,59,56,68,12,44,50,46,54,37,71,79,64,80,63,65,71,59,64,67,56,43,52,63,52,65
2,65,66,18,21,14,34,58,66,16,51,51,49,59,54,84,81,66,64,80,77,77,51,60,64,58,56,41,56,63,65
2,65,67,48,51,53,54,61,64,50,48,42,41,56,45,74,76,56,82,72,75,62,56,62,62,59,46,36,63,57,65
3,60,66,26,23,34,51,55,63,20,55,53,58,61,49,85,86,64,65,72,72,74,59,62,66,59,48,31,55,58,65
2,65,64,20,13,13,35,63,67,14,59,59,59,61,53,76,74,84,59,65,65,75,57,61,65,59,47,40,58,57,65
3,65,63,15,20,16,45,65,68,14,47,63,39,46,28,71,68,67,78,65,64,68,57,64,64,62,36,37,55,43,65
3,65,64,17,12,34,33,60,65,11,52,55,34,52,33,71,70,71,74,68,67,68,64,65,65,57,31,31,64,46,65
2,67,65,59,51,62,61,49,64,50,53,44,63,62,57,84,85,76,75,73,72,53,47,58,67,64,49,42,50,61,65
3,65,60,23,20,22,40,64,62,24,58,67,38,62,33,75,76,67,71,63,58,65,62,64,63,55,46,38,65,61,65
2,61,59,24,23,20,61,69,69,25,65,70,40,61,48,58,71,71,72,59,62,71,64,65,63,53,41,45,60,54,65
3,60,63,21,26,25,45,57,60,19,39,49,54,58,45,77,81,68,78,56,81,67,63,65,63,59,30,31,56,50,65
3,66,68,43,32,26,66,60,63,38,64,65,37,51,50,70,70,71,74,66,71,69,67,70,60,62,54,53,57,58,65
2,59,64,23,23,27,47,56,65,32,53,57,39,56,34,70,69,63,73,55,61,61,62,61,65,63,54,48,60,58,64
2,58,60,18,21,25,57,59,68,17,47,60,28,43,39,61,63,60,78,58,59,65,69,61,65,60,49,26,60,62,64
3,71,68,25,18,17,32,64,68,17,64,63,53,61,60,67,65,56,60,76,76,76,62,56,59,58,61,34,66,51,64
3,60,61,18,16,16,41,58,63,21,56,61,28,55,31,79,77,72,66,63,70,61,57,64,66,49,34,33,68,45,64
3,63,61,22,18,20,58,64,62,19,47,59,23,55,24,77,79,68,73,61,59,66,70,54,64,44,31,29,56,44,64
4,67,68,24,21,22,37,58,55,30,65,49,51,62,60,72,71,65,43,79,76,54,36,62,55,57,40,54,45,38,64
2,62,64,27,19,24,62,47,67,22,61,61,32,55,49,68,77,60,91,55,59,68,66,59,62,43,31,31,58,50,64
2,64,60,17,24,30,40,55,65,24,52,61,61,54,50,69,68,67,67,71,71,56,56,63,69,46,48,45,63,58,64
3,67,69,27,36,46,62,66,68,41,66,67,38,64,59,66,76,74,78,43,61,42,69,39,62,46,45,30,60,40,64
3,59,61,12,12,11,43,55,63,14,55,54,32,55,40,91,79,72,64,81,75,64,57,64,68,51,36,33,66,53,64
3,68,63,23,21,24,75,71,73,30,63,69,53,51,45,72,70,71,75,52,65,55,69,65,64,69,59,58,65,66,64
3,73,70,27,46,20,46,55,55,25,72,65,53,54,61,70,66,72,70,67,70,52,49,63,68,55,55,47,53,53,64
3,59,53,26,21,23,77,65,67,19,58,63,48,56,53,54,61,74,80,82,73,73,67,66,65,60,45,55,62,55,64
2,63,64,19,15,12,49,60,64,23,57,63,56,60,47,75,72,91,57,71,75,71,58,62,66,63,60,57,66,64,64
2,55,53,41,24,26,68,66,67,21,57,64,44,43,36,81,81,79,90,52,47,70,57,63,63,49,57,34,74,56,64
3,58,61,17,19,21,55,61,63,24,55,58,39,50,45,88,89,78,70,69,73,60,54,65,64,59,51,46,65,57,64
2,60,57,31,26,24,66,63,70,34,43,65,54,55,50,60,53,75,76,58,60,63,63,69,65,58,49,54,62,55,64
2,69,54,33,24,40,63,61,68,17,62,70,39,56,47,41,49,63,98,70,29,50,69,60,64,51,50,42,66,59,64
2,65,59,21,23,15,46,54,65,20,58,74,34,46,38,60,63,59,73,68,78,67,64,62,64,63,31,45,62,50,63
2,58,56,14,16,14,43,60,66,15,60,63,35,59,48,64,65,60,61,70,57,73,62,64,64,61,44,28,64,58,63
2,63,54,20,21,23,59,55,66,23,43,46,31,45,35,55,52,62,81,53,57,59,61,72,65,53,40,28,60,60,63
2,58,56,20,20,19,53,49,65,25,48,54,34,46,38,61,65,57,80,49,59,73,67,70,64,57,31,25,54,49,63
2,64,64,42,44,46,70,64,64,51,62,54,59,58,55,72,70,69,73,63,68,62,64,62,62,55,54,58,65,53,63
3,63,63,21,17,38,30,57,56,13,55,65,41,62,55,61,67,63,80,51,62,63,61,63,64,63,52,35,60,47,63
3,61,54,15,15,17,51,57,66,12,53,58,37,43,42,69,69,71,70,55,69,70,63,64,65,60,61,44,60,59,63
2,65,62,23,16,35,64,56,62,19,55,53,35,57,34,72,65,69,74,60,56,72,65,57,62,58,45,41,31,61,63
2,60,58,19,26,20,71,62,60,23,50,58,40,55,41,66,67,63,82,52,55,60,65,68,60,55,47,46,55,51,63
2,61,58,18,18,19,59,58,61,19,53,56,32,56,40,73,72,65,59,63,69,72,62,62,65,52,53,41,70,58,63
2,64,59,28,31,42,51,48,62,20,35,63,28,46,41,52,53,72,86,34,56,59,68,72,61,60,32,29,66,61,63
2,59,58,24,20,22,64,64,63,33,58,64,46,47,36,54,59,51,73,61,60,72,67,63,65,64,61,54,76,59,63
3,58,62,20,18,17,81,65,57,26,57,62,51,56,45,84,80,70,57,90,83,82,53,63,66,60,52,35,61,66,63
2,63,55,22,20,22,47,54,61,26,57,56,43,44,48,63,70,71,73,81,66,53,63,67,66,62,57,59,68,57,63
2,57,54,21,17,20,62,51,59,22,43,48,31,45,31,51,64,61,83,39,52,69,74,61,68,57,30,24,55,56,62
2,62,57,20,36,32,67,49,62,20,45,60,32,51,34,61,62,73,79,55,65,72,68,58,66,54,31,32,60,52,62
3,62,58,17,11,14,31,63,67,15,47,57,28,52,34,66,58,51,62,72,58,69,60,54,65,55,35,34,61,53,62
2,58,55,16,18,20,45,61,67,31,53,54,40,53,41,64,63,76,65,64,60,71,57,64,60,53,43,34,61,59,62
3,59,57,24,26,25,52,65,63,20,44,48,23,48,24,65,63,71,73,59,58,55,58,58,63,50,32,25,54,49,62
2,55,53,24,20,21,47,71,68,17,45,42,27,43,22,46,56,55,78,58,54,72,66,56,66,51,31,29,61,51,62
2,60,55,21,32,29,63,52,46,21,53,61,49,61,53,50,53,61,92,51,56,51,74,68,66,61,57,52,70,50,62
2,55,58,12,19,17,32,62,64,19,46,48,31,52,40,73,74,62,60,68,63,69,58,55,65,47,45,31,62,47,61
3,59,58,41,26,32,51,37,58,26,41,50,49,57,46,73,73,68,86,38,56,64,58,61,58,63,48,46,62,56,61
2,60,55,18,15,16,59,47,60,23,53,63,36,45,43,70,72,80,75,44,57,70,70,59,60,52,42,41,55,55,61
3,59,56,34,30,31,55,57,65,39,62,64,49,49,44,68,68,63,58,71,72,81,63,58,62,53,48,43,58,60,61
3,60,60,27,29,29,58,57,57,23,52,56,51,57,51,82,79,69,33,88,87,92,58,57,64,55,50,49,62,57,61
2,50,50,29,29,21,58,50,55,28,49,54,31,55,28,50,61,61,72,49,57,71,71,61,66,49,39,27,67,54,60
2,61,64,35,29,32,59,53,56,24,56,64,49,56,52,75,76,55,77,62,70,59,46,49,55,47,47,40,46,45,60
